,address,bathroom,bedroom,city,detailslink,floorsize,lotsize,lotunit,propertyType,propertyid,soldDate,soldPrice,state,zipcode,realtor
0,67 Robinson Ave,2,3.0,Staten Island,/realestateandhomes-detail/67-Robinson-Ave_Staten-Island_NY_10312_M46073-55738,1980.0,2550.0,sq ft lot,Multi-Family Home,4607355738,2017-07-31,630000,NY,10312,sold_predict
1,118 Melvin Ave,2.5,3.0,Staten Island,/realestateandhomes-detail/118-Melvin-Ave_Staten-Island_NY_10314_M41590-65953,1500.0,2610.0,sq ft lot,Single Family Home,4159065953,2017-07-31,590000,NY,10314,sold_predict
2,105 Rockville Ave,2.5,4.0,Staten Island,/realestateandhomes-detail/105-Rockville-Ave_Staten-Island_NY_10314_M42292-89603,2683.0,4500.0,sq ft lot,Single Family Home,4229289603,2017-07-31,705000,NY,10314,sold_predict
3,139 Woolley Ave,1.5,2.0,Staten Island,/realestateandhomes-detail/139-Woolley-Ave_Staten-Island_NY_10314_M32529-75622,1100.0,3600.0,sq ft lot,Single Family Home,3252975622,2017-07-31,520000,NY,10314,sold_predict
4,126 Ashworth Ave,3.5,3.0,Staten Island,/realestateandhomes-detail/126-Ashworth-Ave_Staten-Island_NY_10314_M40479-19562,1440.0,2625.0,sq ft lot,Single Family Home,4047919562,2017-07-31,485000,NY,10314,sold_predict
5,33 Bionia Ave,3,6.0,Staten Island,/realestateandhomes-detail/33-Bionia-Ave_Staten-Island_NY_10305_M34951-11833,2657.0,4400.0,sq ft lot,Multi-Family Home,3495111833,2017-07-31,730000,NY,10305,sold_predict
6,1292 Rockland Ave Apt 1B,1,1.0,Staten Island,/realestateandhomes-detail/1292-Rockland-Ave-Apt-1B_Staten-Island_NY_10314_M30759-44175,680.0,680.0,sq ft lot,Condo/Townhome/Row Home/Co-Op,3075944175,2017-07-31,210000,NY,10314,sold_predict
7,16 Seagate Ct,2.5,2.0,Staten Island,/realestateandhomes-detail/16-Seagate-Ct_Staten-Island_NY_10305_M44004-30891,1500.0,1090.0,sq ft lot,Single Family Home,4400430891,2017-07-31,470000,NY,10305,sold_predict
8,111 Dubois Ave,1.5,3.0,Staten Island,/realestateandhomes-detail/111-Dubois-Ave_Staten-Island_NY_10310_M34986-32715,1300.0,5000.0,sq ft lot,Single Family Home,3498632715,2017-07-31,390000,NY,10310,sold_predict
9,2766 Richmond Ter,2,6.0,Staten Island,/realestateandhomes-detail/2766-Richmond-Ter_Staten-Island_NY_10303_M37925-81669,2415.0,3150.0,sq ft lot,Multi-Family Home,3792581669,2017-07-31,520000,NY,10303,sold_predict
10,107 Emmet Ave,3,4.0,Staten Island,/realestateandhomes-detail/107-Emmet-Ave_Staten-Island_NY_10306_M35051-23287,2444.0,4040.0,sq ft lot,Single Family Home,3505123287,2017-07-31,550000,NY,10306,sold_predict
11,74 Christopher St,2,5.0,Staten Island,/realestateandhomes-detail/74-Christopher-St_Staten-Island_NY_10303_M49253-16983,2400.0,4320.0,sq ft lot,Multi-Family Home,4925316983,2017-07-31,370000,NY,10303,sold_predict
12,86 Burke Ave,2.5,3.0,Staten Island,/realestateandhomes-detail/86-Burke-Ave_Staten-Island_NY_10314_M40011-95071,1542.0,14810.400000000001,acres lot,Single Family Home,4001195071,2017-07-28,449900,NY,10314,sold_predict
13,936 Clove Rd # B,1.5,3.0,Staten Island,/realestateandhomes-detail/936-Clove-Rd-B_Staten-Island_NY_10301_M34782-56619,1170.0,2478.0,sq ft lot,Single Family Home,3478256619,2017-07-28,420000,NY,10301,sold_predict
14,3080 Hylan Blvd,3.5,4.0,Staten Island,/realestateandhomes-detail/3080-Hylan-Blvd_Staten-Island_NY_10306_M35182-40899,1600.0,3016.0,sq ft lot,Single Family Home,3518240899,2017-07-28,600000,NY,10306,sold_predict
15,256 Simonson Ave,1.5,2.0,Staten Island,/realestateandhomes-detail/256-Simonson-Ave_Staten-Island_NY_10303_M47575-08444,1230.0,5700.0,sq ft lot,Single Family Home,4757508444,2017-07-28,367000,NY,10303,sold_predict
16,275 Burgher Ave,3,4.0,Staten Island,/realestateandhomes-detail/275-Burgher-Ave_Staten-Island_NY_10305_M46028-43349,2868.0,5000.0,sq ft lot,Multi-Family Home,4602843349,2017-07-28,742000,NY,10305,sold_predict
17,107 Haven Ave,3,5.0,Staten Island,/realestateandhomes-detail/107-Haven-Ave_Staten-Island_NY_10306_M36693-21246,2201.0,3375.0,sq ft lot,Multi-Family Home,3669321246,2017-07-28,763800,NY,10306,sold_predict
18,40 Littlefield Ave,2.5,3.0,Staten Island,/realestateandhomes-detail/40-Littlefield-Ave_Staten-Island_NY_10312_M35910-19358,1374.0,2805.0,sq ft lot,Single Family Home,3591019358,2017-07-28,490000,NY,10312,sold_predict
19,3587 Richmond Rd,1.5,4.0,Staten Island,/realestateandhomes-detail/3587-Richmond-Rd_Staten-Island_NY_10306_M44466-61845,2624.0,7469.0,sq ft lot,Single Family Home,4446661845,2017-07-28,590000,NY,10306,sold_predict
20,15 Shaina Ct,1.5,3.0,Staten Island,/realestateandhomes-detail/15-Shaina-Ct_Staten-Island_NY_10303_M33349-80078,1080.0,1600.0,sq ft lot,Single Family Home,3334980078,2017-07-28,251000,NY,10303,sold_predict
21,154 Cleveland Ave,2.5,4.0,Staten Island,/realestateandhomes-detail/154-Cleveland-Ave_Staten-Island_NY_10308_M30743-64331,1423.0,4950.0,sq ft lot,Single Family Home,3074364331,2017-07-28,499900,NY,10308,sold_predict
22,273 Lighthouse Ave,2,3.0,Staten Island,/realestateandhomes-detail/273-Lighthouse-Ave_Staten-Island_NY_10306_M33534-45826,1936.0,12196.800000000001,acres lot,Single Family Home,3353445826,2017-07-28,730000,NY,10306,sold_predict
23,134 Ridge Ave,3.5,4.0,Staten Island,/realestateandhomes-detail/134-Ridge-Ave_Staten-Island_NY_10304_M34268-47137,3150.0,5000.0,sq ft lot,Single Family Home,3426847137,2017-07-28,1450000,NY,10304,sold_predict
24,17 Aaron Ln,5,5.0,Staten Island,/realestateandhomes-detail/17-Aaron-Ln_Staten-Island_NY_10309_M41979-39619,2630.0,4601.0,sq ft lot,Multi-Family Home,4197939619,2017-07-28,749900,NY,10309,sold_predict
25,14 Grandview Ave # B20,2,3.0,Staten Island,/realestateandhomes-detail/14-Grandview-Ave-B20_Staten-Island_NY_10303_M44020-06728,1297.0,1297.0,sq ft lot,Condo/Townhome/Row Home/Co-Op,4402006728,2017-07-28,200000,NY,10303,sold_predict
26,281 Burbank Ave,2,5.0,Staten Island,/realestateandhomes-detail/281-Burbank-Ave_Staten-Island_NY_10306_M49356-61171,1920.0,4000.0,sq ft lot,Single Family Home,4935661171,2017-07-27,620000,NY,10306,sold_predict
27,18 Park Ct,3.5,4.0,Staten Island,/realestateandhomes-detail/18-Park-Ct_Staten-Island_NY_10301_M33459-60446,3175.0,5400.0,sq ft lot,Single Family Home,3345960446,2017-07-27,999990,NY,10301,sold_predict
28,5 Kerry Ln,2.5,3.0,Staten Island,/realestateandhomes-detail/5-Kerry-Ln_Staten-Island_NY_10307_M42270-39521,3900.0,9904.0,sq ft lot,Single Family Home,4227039521,2017-07-27,935000,NY,10307,sold_predict
29,146 Thornycroft Ave,3.5,3.0,Staten Island,/realestateandhomes-detail/146-Thornycroft-Ave_Staten-Island_NY_10312_M40286-33321,1920.0,3600.0,sq ft lot,Single Family Home,4028633321,2017-07-27,739900,NY,10312,sold_predict
30,182 Hett Ave,2.5,3.0,Staten Island,/realestateandhomes-detail/182-Hett-Ave_Staten-Island_NY_10306_M38567-36901,1500.0,2310.0,sq ft lot,Single Family Home,3856736901,2017-07-27,560000,NY,10306,sold_predict
31,33 Hopkins Ave,1.5,3.0,Staten Island,/realestateandhomes-detail/33-Hopkins-Ave_Staten-Island_NY_10306_M43702-63515,1100.0,3600.0,sq ft lot,Single Family Home,4370263515,2017-07-27,575000,NY,10306,sold_predict
32,198 Robinson Ave,1.5,3.0,Staten Island,/realestateandhomes-detail/198-Robinson-Ave_Staten-Island_NY_10312_M31068-24893,1230.0,2500.0,sq ft lot,Single Family Home,3106824893,2017-07-27,475000,NY,10312,sold_predict
33,439 Philip Ave,3.5,5.0,Staten Island,/realestateandhomes-detail/439-Philip-Ave_Staten-Island_NY_10312_M34113-19835,3750.0,6650.0,sq ft lot,Single Family Home,3411319835,2017-07-27,920000,NY,10312,sold_predict
34,47 Fox Hill Ter,3,3.0,Staten Island,/realestateandhomes-detail/47-Fox-Hill-Ter_Staten-Island_NY_10305_M32802-08802,2350.0,3125.0,sq ft lot,Multi-Family Home,3280208802,2017-07-27,631000,NY,10305,sold_predict
35,7 Ramblewood Ave,1,2.0,Staten Island,/realestateandhomes-detail/7-Ramblewood-Ave_Staten-Island_NY_10308_M49446-43486,792.0,3800.0,sq ft lot,Single Family Home,4944643486,2017-07-27,460000,NY,10308,sold_predict
36,380 Brookfield Ave,2.5,3.0,Staten Island,/realestateandhomes-detail/380-Brookfield-Ave_Staten-Island_NY_10308_M47904-23717,1755.0,2100.0,sq ft lot,Single Family Home,4790423717,2017-07-27,495000,NY,10308,sold_predict
37,95 Tysens Ln,1.5,3.0,Staten Island,/realestateandhomes-detail/95-Tysens-Ln_Staten-Island_NY_10306_M44563-47841,1360.0,2975.0,sq ft lot,Single Family Home,4456347841,2017-07-27,478000,NY,10306,sold_predict
38,222 Ada Dr,1.5,3.0,Staten Island,/realestateandhomes-detail/222-Ada-Dr_Staten-Island_NY_10314_M46152-09405,1610.0,2750.0,sq ft lot,Single Family Home,4615209405,2017-07-27,420000,NY,10314,sold_predict
39,27 Vogel Loop,1.5,2.0,Staten Island,/realestateandhomes-detail/27-Vogel-Loop_Staten-Island_NY_10314_M42341-85963,1515.0,1008.0,sq ft lot,Single Family Home,4234185963,2017-07-27,391000,NY,10314,sold_predict
40,256 Elm St,2,3.0,Staten Island,/realestateandhomes-detail/256-Elm-St_Staten-Island_NY_10310_M48345-40999,1488.0,7000.0,sq ft lot,Single Family Home,4834540999,2017-07-27,438000,NY,10310,sold_predict
41,57 Newberry Ave,2,4.0,Staten Island,/realestateandhomes-detail/57-Newberry-Ave_Staten-Island_NY_10304_M40153-78721,1560.0,10018.800000000001,acres lot,Multi-Family Home,4015378721,2017-07-27,860000,NY,10304,sold_predict
42,124 Seneca St,3,4.0,Staten Island,/realestateandhomes-detail/124-Seneca-St_Staten-Island_NY_10310_M41360-78187,1850.0,2235.0,sq ft lot,Multi-Family Home,4136078187,2017-07-27,465000,NY,10310,sold_predict
43,29 Father Capodanno Blvd,5,4.0,Staten Island,/realestateandhomes-detail/29-Father-Capodanno-Blvd_Staten-Island_NY_10305_M36856-24991,2340.0,3535.0,sq ft lot,Multi-Family Home,3685624991,2017-07-27,695000,NY,10305,sold_predict
44,155 Ada Dr,4,5.0,Staten Island,/realestateandhomes-detail/155-Ada-Dr_Staten-Island_NY_10314_M33800-34603,2448.0,2220.0,sq ft lot,Multi-Family Home,3380034603,2017-07-26,557500,NY,10314,sold_predict
45,175 Zoe St Apt 6M,2,1.0,Staten Island,/realestateandhomes-detail/175-Zoe-St-Apt-6M_Staten-Island_NY_10305_M35211-70387,780.0,780.0,sq ft lot,Condo/Townhome/Row Home/Co-Op,3521170387,2017-07-26,305000,NY,10305,sold_predict
46,79 Cypress Loop,1.5,3.0,Staten Island,/realestateandhomes-detail/79-Cypress-Loop_Staten-Island_NY_10309_M30209-65384,1156.0,1296.0,sq ft lot,Condo/Townhome/Row Home/Co-Op,3020965384,2017-07-26,365000,NY,10309,sold_predict
47,471 Dongan Hills Ave,1.5,3.0,Staten Island,/realestateandhomes-detail/471-Dongan-Hills-Ave_Staten-Island_NY_10305_M32227-31421,1500.0,2400.0,sq ft lot,Single Family Home,3222731421,2017-07-26,525000,NY,10305,sold_predict
48,7760 Amboy Rd,1.5,3.0,Staten Island,/realestateandhomes-detail/7760-Amboy-Rd_Staten-Island_NY_10307_M32815-85716,1216.0,2500.0,sq ft lot,Single Family Home,3281585716,2017-07-26,455000,NY,10307,sold_predict
49,38 Venus Ln,2.5,4.0,Staten Island,/realestateandhomes-detail/38-Venus-Ln_Staten-Island_NY_10314_M31382-65791,1500.0,1550.0,sq ft lot,Single Family Home,3138265791,2017-07-26,460000,NY,10314,sold_predict
50,181 Dickie Ave,1.5,3.0,Staten Island,/realestateandhomes-detail/181-Dickie-Ave_Staten-Island_NY_10314_M41014-71272,1512.0,2592.0,sq ft lot,Single Family Home,4101471272,2017-07-26,539500,NY,10314,sold_predict
51,16 Conference Ct,2.5,3.0,Staten Island,/realestateandhomes-detail/16-Conference-Ct_Staten-Island_NY_10307_M47126-07691,2238.0,1349.0,sq ft lot,Single Family Home,4712607691,2017-07-26,395000,NY,10307,sold_predict
52,201 Mallory Ave,2.5,3.0,Staten Island,/realestateandhomes-detail/201-Mallory-Ave_Staten-Island_NY_10305_M38185-40013,1920.0,2400.0,sq ft lot,Single Family Home,3818540013,2017-07-26,535000,NY,10305,sold_predict
53,254 Manor Rd,2.5,2.0,Staten Island,/realestateandhomes-detail/254-Manor-Rd_Staten-Island_NY_10314_M38854-96762,1367.0,3363.0,sq ft lot,Single Family Home,3885496762,2017-07-26,455000,NY,10314,sold_predict
54,40 Roswell Ave,3.5,3.0,Staten Island,/realestateandhomes-detail/40-Roswell-Ave_Staten-Island_NY_10314_M34333-06158,1677.0,3575.0,sq ft lot,Single Family Home,3433306158,2017-07-26,600000,NY,10314,sold_predict
55,62 Suffolk Ave,2,3.0,Staten Island,/realestateandhomes-detail/62-Suffolk-Ave_Staten-Island_NY_10314_M49101-54819,1750.0,5500.0,sq ft lot,Single Family Home,4910154819,2017-07-26,620000,NY,10314,sold_predict
56,639 Barclay Ave,1.5,3.0,Staten Island,/realestateandhomes-detail/639-Barclay-Ave_Staten-Island_NY_10312_M42805-20092,1200.0,2280.0,sq ft lot,Single Family Home,4280520092,2017-07-26,450000,NY,10312,sold_predict
57,297 Colony Ave,1,2.0,Staten Island,/realestateandhomes-detail/297-Colony-Ave_Staten-Island_NY_10306_M35820-14299,546.0,20037.600000000002,acres lot,Single Family Home,3582014299,2017-07-26,250000,NY,10306,sold_predict
58,5753 Amboy Rd,2,5.0,Staten Island,/realestateandhomes-detail/5753-Amboy-Rd_Staten-Island_NY_10309_M31042-92032,1440.0,8954.0,sq ft lot,Single Family Home,3104292032,2017-07-26,520000,NY,10309,sold_predict
59,708 Ilyssa Way,1.5,2.0,Staten Island,/realestateandhomes-detail/708-Ilyssa-Way_Staten-Island_NY_10312_M36203-25400,1524.0,500.0,sq ft lot,Single Family Home,3620325400,2017-07-26,339999,NY,10312,sold_predict
60,12 Xenia St,2,3.0,Staten Island,/realestateandhomes-detail/12-Xenia-St_Staten-Island_NY_10305_M43985-59737,1710.0,2200.0,sq ft lot,Single Family Home,4398559737,2017-07-26,526000,NY,10305,sold_predict
61,128 Gansevoort Blvd,2.5,4.0,Staten Island,/realestateandhomes-detail/128-Gansevoort-Blvd_Staten-Island_NY_10314_M37626-50545,1200.0,4880.0,sq ft lot,Single Family Home,3762650545,2017-07-26,500000,NY,10314,sold_predict
62,77 Cypress Loop,1.5,3.0,Staten Island,/realestateandhomes-detail/77-Cypress-Loop_Staten-Island_NY_10309_M32135-45106,1188.0,1296.0,sq ft lot,Single Family Home,3213545106,2017-07-26,360500,NY,10309,sold_predict
63,561 Rockaway St,2.5,4.0,Staten Island,/realestateandhomes-detail/561-Rockaway-St_Staten-Island_NY_10307_M39315-95956,4410.0,5000.0,sq ft lot,Single Family Home,3931595956,2017-07-26,999000,NY,10307,sold_predict
64,627A Westwoood Ave,1.5,2.0,Staten Island,/realestateandhomes-detail/627A-Westwoood-Ave_Staten-Island_NY_10314_M45469-05944,1056.0,902.0,sq ft lot,Condo/Townhome/Row Home/Co-Op,4546905944,2017-07-26,269900,NY,10314,sold_predict
65,150 Van Pelt Ave,1.5,3.0,Staten Island,/realestateandhomes-detail/150-Van-Pelt-Ave_Staten-Island_NY_10303_M38359-36543,1624.0,2261.0,sq ft lot,Single Family Home,3835936543,2017-07-26,310000,NY,10303,sold_predict
66,36 Crispi Ln,2.5,3.0,Staten Island,/realestateandhomes-detail/36-Crispi-Ln_Staten-Island_NY_10308_M42305-84617,2160.0,3206.0,sq ft lot,Single Family Home,4230584617,2017-07-25,605000,NY,10308,sold_predict
67,4 Taunton St,2,3.0,Staten Island,/realestateandhomes-detail/4-Taunton-St_Staten-Island_NY_10306_M34355-83112,2592.0,3480.0,sq ft lot,Multi-Family Home,3435583112,2017-07-25,740000,NY,10306,sold_predict
68,397 Oakland Ave,3,3.0,Staten Island,/realestateandhomes-detail/397-Oakland-Ave_Staten-Island_NY_10310_M34653-89568,2160.0,4202.0,sq ft lot,Multi-Family Home,3465389568,2017-07-25,630000,NY,10310,sold_predict
69,409 Colon St,3.5,4.0,Staten Island,/realestateandhomes-detail/409-Colon-St_Staten-Island_NY_10312_M42675-73098,3600.0,14810.400000000001,acres lot,Single Family Home,4267573098,2017-07-25,1163000,NY,10312,sold_predict
70,41 Madan Ct,2.5,3.0,Staten Island,/realestateandhomes-detail/41-Madan-Ct_Staten-Island_NY_10314_M44488-78908,2250.0,1428.0,sq ft lot,Single Family Home,4448878908,2017-07-25,426000,NY,10314,sold_predict
71,639 Annadale Rd,1.5,3.0,Staten Island,/realestateandhomes-detail/639-Annadale-Rd_Staten-Island_NY_10312_M45214-40070,1394.0,4264.0,sq ft lot,Single Family Home,4521440070,2017-07-25,520000,NY,10312,sold_predict
72,33 Walker Pl,1.5,3.0,Staten Island,/realestateandhomes-detail/33-Walker-Pl_Staten-Island_NY_10312_M37125-22778,1080.0,4200.0,sq ft lot,Single Family Home,3712522778,2017-07-25,550000,NY,10312,sold_predict
73,36 Seguine Loop,3,3.0,Staten Island,/realestateandhomes-detail/36-Seguine-Loop_Staten-Island_NY_10309_M43332-61919,1778.0,2500.0,sq ft lot,Multi-Family Home,4333261919,2017-07-25,599000,NY,10309,sold_predict
74,209 Justin Ave,1.5,3.0,Staten Island,/realestateandhomes-detail/209-Justin-Ave_Staten-Island_NY_10306_M34151-61376,1232.0,2400.0,sq ft lot,Single Family Home,3415161376,2017-07-25,520000,NY,10306,sold_predict
75,105 Barclay Ave,3,5.0,Staten Island,/realestateandhomes-detail/105-Barclay-Ave_Staten-Island_NY_10312_M37641-10215,1848.0,5000.0,sq ft lot,Multi-Family Home,3764110215,2017-07-25,628000,NY,10312,sold_predict
76,315 Cleveland Ave,1.5,2.0,Staten Island,/realestateandhomes-detail/315-Cleveland-Ave_Staten-Island_NY_10308_M42999-55979,1370.0,1280.0,sq ft lot,Single Family Home,4299955979,2017-07-25,418000,NY,10308,sold_predict
77,80 Marine Way,2,3.0,Staten Island,/realestateandhomes-detail/80-Marine-Way_Staten-Island_NY_10306_M43215-00066,1440.0,3431.0,sq ft lot,Single Family Home,4321500066,2017-07-25,400000,NY,10306,sold_predict
78,234 Steuben St # A,1.5,2.0,Staten Island,/realestateandhomes-detail/234-Steuben-St-A_Staten-Island_NY_10304_M40287-52240,1248.0,816.0,sq ft lot,Condo/Townhome/Row Home/Co-Op,4028752240,2017-07-25,263000,NY,10304,sold_predict
79,83 Seagate Ct,2.5,2.0,Staten Island,/realestateandhomes-detail/83-Seagate-Ct_Staten-Island_NY_10305_M42336-50054,1096.0,1000.0,sq ft lot,Single Family Home,4233650054,2017-07-25,459000,NY,10305,sold_predict
80,17 Winegar Ln,2.5,3.0,Staten Island,/realestateandhomes-detail/17-Winegar-Ln_Staten-Island_NY_10310_M36711-48991,1810.0,2704.0,sq ft lot,Single Family Home,3671148991,2017-07-25,399900,NY,10310,sold_predict
81,945 Targee St,1.5,3.0,Staten Island,/realestateandhomes-detail/945-Targee-St_Staten-Island_NY_10304_M43569-14084,1080.0,2350.0,sq ft lot,Single Family Home,4356914084,2017-07-25,350000,NY,10304,sold_predict
82,175 W Castor Pl,4,5.0,Staten Island,/realestateandhomes-detail/175-W-Castor-Pl_Staten-Island_NY_10309_M48072-01615,3934.0,12632.4,acres lot,Multi-Family Home,4807201615,2017-07-25,970000,NY,10309,sold_predict
83,18 Serena Ct,4,4.0,Staten Island,/realestateandhomes-detail/18-Serena-Ct_Staten-Island_NY_10312_M41713-29290,3300.0,4100.0,sq ft lot,Multi-Family Home,4171329290,2017-07-25,869900,NY,10312,sold_predict
84,44 Chapin Ave,2,3.0,Staten Island,/realestateandhomes-detail/44-Chapin-Ave_Staten-Island_NY_10304_M44049-16470,1122.0,9945.0,sq ft lot,Multi-Family Home,4404916470,2017-07-25,879000,NY,10304,sold_predict
85,390 Ionia Ave,2,3.0,Staten Island,/realestateandhomes-detail/390-Ionia-Ave_Staten-Island_NY_10312_M34436-89568,1951.0,4000.0,sq ft lot,Single Family Home,3443689568,2017-07-25,540000,NY,10312,sold_predict
86,290 Watchogue Rd,1.5,3.0,Staten Island,/realestateandhomes-detail/290-Watchogue-Rd_Staten-Island_NY_10314_M43109-43135,1080.0,2442.0,sq ft lot,Single Family Home,4310943135,2017-07-24,470000,NY,10314,sold_predict
87,579 Wainwright Ave,4,3.0,Staten Island,/realestateandhomes-detail/579-Wainwright-Ave_Staten-Island_NY_10312_M43351-47624,2100.0,3500.0,sq ft lot,Multi-Family Home,4335147624,2017-07-24,805000,NY,10312,sold_predict
88,615 W Fingerboard Rd,4,6.0,Staten Island,/realestateandhomes-detail/615-W-Fingerboard-Rd_Staten-Island_NY_10305_M32038-01025,2542.0,6264.0,sq ft lot,Multi-Family Home,3203801025,2017-07-24,815000,NY,10305,sold_predict
89,116 Churchill Ave,3.5,3.0,Staten Island,/realestateandhomes-detail/116-Churchill-Ave_Staten-Island_NY_10309_M47645-96126,2365.0,2500.0,sq ft lot,Single Family Home,4764596126,2017-07-24,580000,NY,10309,sold_predict
90,119 Alaska St,2.5,3.0,Staten Island,/realestateandhomes-detail/119-Alaska-St_Staten-Island_NY_10310_M32479-26837,1140.0,2325.0,sq ft lot,Single Family Home,3247926837,2017-07-24,285000,NY,10310,sold_predict
91,385 Liberty Ave,3,4.0,Staten Island,/realestateandhomes-detail/385-Liberty-Ave_Staten-Island_NY_10305_M43812-55745,3000.0,4000.0,sq ft lot,Multi-Family Home,4381255745,2017-07-24,805000,NY,10305,sold_predict
92,8 Kathy Ct,2,2.0,Staten Island,/realestateandhomes-detail/8-Kathy-Ct_Staten-Island_NY_10312_M36265-98887,936.0,780.0,sq ft lot,Single Family Home,3626598887,2017-07-24,390000,NY,10312,sold_predict
93,96 Amsterdam Ave,2.5,4.0,Staten Island,/realestateandhomes-detail/96-Amsterdam-Ave_Staten-Island_NY_10314_M31908-17253,2004.0,4600.0,sq ft lot,Single Family Home,3190817253,2017-07-24,540000,NY,10314,sold_predict
94,28 Bloomingdale Rd,4,6.0,Staten Island,/realestateandhomes-detail/28-Bloomingdale-Rd_Staten-Island_NY_10309_M44692-45006,2935.0,5353.0,sq ft lot,Multi-Family Home,4469245006,2017-07-24,899900,NY,10309,sold_predict
95,18 Westcott Blvd,2,4.0,Staten Island,/realestateandhomes-detail/18-Westcott-Blvd_Staten-Island_NY_10314_M39432-21707,2050.0,5095.0,sq ft lot,Multi-Family Home,3943221707,2017-07-24,532000,NY,10314,sold_predict
96,959 Goethals Rd N,2,3.0,Staten Island,/realestateandhomes-detail/959-Goethals-Rd-N_Staten-Island_NY_10303_M31015-25395,1936.0,990.0,sq ft lot,Condo/Townhome/Row Home/Co-Op,3101525395,2017-07-21,446000,NY,10303,sold_predict
97,311 Oder Ave,1.5,4.0,Staten Island,/realestateandhomes-detail/311-Oder-Ave_Staten-Island_NY_10304_M31809-69598,1040.0,5467.0,sq ft lot,Single Family Home,3180969598,2017-07-21,465000,NY,10304,sold_predict
98,62 Hampton Grn,2.5,4.0,Staten Island,/realestateandhomes-detail/62-Hampton-Grn_Staten-Island_NY_10312_M36318-03310,2200.0,2542.0,sq ft lot,Single Family Home,3631803310,2017-07-21,530000,NY,10312,sold_predict
99,353 Isabella Ave,1.5,3.0,Staten Island,/realestateandhomes-detail/353-Isabella-Ave_Staten-Island_NY_10306_M41334-18854,1207.0,2500.0,sq ft lot,Single Family Home,4133418854,2017-07-21,450000,NY,10306,sold_predict
100,428 Stoneham St,2.5,3.0,Staten Island,/realestateandhomes-detail/428-Stoneham-St_Staten-Island_NY_10306_M49760-56902,1400.0,1400.0,sq ft lot,Single Family Home,4976056902,2017-07-21,446000,NY,10306,sold_predict
101,238 Byrne Ave,2,3.0,Staten Island,/realestateandhomes-detail/238-Byrne-Ave_Staten-Island_NY_10314_M32966-83498,1170.0,4000.0,sq ft lot,Single Family Home,3296683498,2017-07-21,499000,NY,10314,sold_predict
102,329 Parkinson Ave,1.5,2.0,Staten Island,/realestateandhomes-detail/329-Parkinson-Ave_Staten-Island_NY_10305_M44916-85401,880.0,2999.0,sq ft lot,Single Family Home,4491685401,2017-07-21,312000,NY,10305,sold_predict
103,89 Gower St,2.5,3.0,Staten Island,/realestateandhomes-detail/89-Gower-St_Staten-Island_NY_10314_M38981-62381,1440.0,2400.0,sq ft lot,Single Family Home,3898162381,2017-07-21,539000,NY,10314,sold_predict
104,100 Woods of Arden Rd,1,3.0,Staten Island,/realestateandhomes-detail/100-Woods-of-Arden-Rd_Staten-Island_NY_10312_M43325-37082,1250.0,4000.0,sq ft lot,Single Family Home,4332537082,2017-07-21,495000,NY,10312,sold_predict
105,336 Huguenot Ave,2.5,3.0,Staten Island,/realestateandhomes-detail/336-Huguenot-Ave_Staten-Island_NY_10312_M36281-64057,2048.0,2352.0,sq ft lot,Single Family Home,3628164057,2017-07-21,510000,NY,10312,sold_predict
106,41 Seafoam St,1,1.0,Staten Island,/realestateandhomes-detail/41-Seafoam-St_Staten-Island_NY_10306_M39631-33093,720.0,1320.0,sq ft lot,Single Family Home,3963133093,2017-07-21,235000,NY,10306,sold_predict
107,130 Hampton Pl,1.5,3.0,Staten Island,/realestateandhomes-detail/130-Hampton-Pl_Staten-Island_NY_10309_M39586-13764,1388.0,1388.0,sq ft lot,Condo/Townhome/Row Home/Co-Op,3958613764,2017-07-21,400000,NY,10309,sold_predict
108,177 Benziger Ave,1,1.0,Staten Island,/realestateandhomes-detail/177-Benziger-Ave_Staten-Island_NY_10301_M32110-70819,1440.0,2500.0,sq ft lot,Multi-Family Home,3211070819,2017-07-21,235000,NY,10301,sold_predict
109,184 Regis Dr,2,5.0,Staten Island,/realestateandhomes-detail/184-Regis-Dr_Staten-Island_NY_10314_M35975-57345,2112.0,3360.0,sq ft lot,Multi-Family Home,3597557345,2017-07-20,560000,NY,10314,sold_predict
110,326 Caswell Ave,2,3.0,Staten Island,/realestateandhomes-detail/326-Caswell-Ave_Staten-Island_NY_10314_M41341-43354,2700.0,5760.0,sq ft lot,Multi-Family Home,4134143354,2017-07-20,750000,NY,10314,sold_predict
111,50 Regal Walk # 23,2,2.0,Staten Island,/realestateandhomes-detail/50-Regal-Walk-23_Staten-Island_NY_10303_M35856-32244,1917.0,990.0,sq ft lot,Condo/Townhome/Row Home/Co-Op,3585632244,2017-07-20,300000,NY,10303,sold_predict
112,40 Chestnut Cir,2.5,4.0,Staten Island,/realestateandhomes-detail/40-Chestnut-Cir_Staten-Island_NY_10312_M33827-30559,2388.0,2974.0,sq ft lot,Single Family Home,3382730559,2017-07-20,482000,NY,10312,sold_predict
113,100 Quinlan Ave,2,2.0,Staten Island,/realestateandhomes-detail/100-Quinlan-Ave_Staten-Island_NY_10314_M32859-88172,884.0,4880.0,sq ft lot,Single Family Home,3285988172,2017-07-20,518000,NY,10314,sold_predict
114,12 Montgomery Ave,2,3.0,Staten Island,/realestateandhomes-detail/12-Montgomery-Ave_Staten-Island_NY_10301_M47426-91976,1204.0,1190.0,sq ft lot,Single Family Home,4742691976,2017-07-20,470000,NY,10301,sold_predict
115,30 Fawn Ln,1.5,3.0,Staten Island,/realestateandhomes-detail/30-Fawn-Ln_Staten-Island_NY_10306_M30145-15228,1816.0,1216.0,sq ft lot,Single Family Home,3014515228,2017-07-20,510000,NY,10306,sold_predict
116,59 Wildwood Ln # A,1.5,2.0,Staten Island,/realestateandhomes-detail/59-Wildwood-Ln-A_Staten-Island_NY_10307_M33262-86045,1050.0,2200.0,sq ft lot,Single Family Home,3326286045,2017-07-20,390000,NY,10307,sold_predict
117,61 Ashley Ln,1.5,2.0,Staten Island,/realestateandhomes-detail/61-Ashley-Ln_Staten-Island_NY_10309_M44959-07825,2122.0,1293.0,sq ft lot,Single Family Home,4495907825,2017-07-20,390000,NY,10309,sold_predict
118,662 Travis Ave,2.5,3.0,Staten Island,/realestateandhomes-detail/662-Travis-Ave_Staten-Island_NY_10314_M34956-04727,2400.0,2475.0,sq ft lot,Single Family Home,3495604727,2017-07-20,610000,NY,10314,sold_predict
119,215 S Railroad St,3,3.0,Staten Island,/realestateandhomes-detail/215-S-Railroad-St_Staten-Island_NY_10312_M40945-97891,1215.0,4080.0,sq ft lot,Single Family Home,4094597891,2017-07-20,562500,NY,10312,sold_predict
120,125 Eaton Pl,2,4.0,Staten Island,/realestateandhomes-detail/125-Eaton-Pl_Staten-Island_NY_10302_M30656-41655,1200.0,2575.0,sq ft lot,Multi-Family Home,3065641655,2017-07-20,380000,NY,10302,sold_predict
121,32 Westervelt Ave # 3,3,5.0,Staten Island,/realestateandhomes-detail/32-Westervelt-Ave-3_Staten-Island_NY_10301_M42565-33053,2271.0,5000.0,sq ft lot,Multi-Family Home,4256533053,2017-07-20,545000,NY,10301,sold_predict
122,227 Clove Rd,2,3.0,Staten Island,/realestateandhomes-detail/227-Clove-Rd_Staten-Island_NY_10310_M33331-71930,1305.0,2352.0,sq ft lot,Single Family Home,3333171930,2017-07-20,225000,NY,10310,sold_predict
123,219 Egbert Ave,2,3.0,Staten Island,/realestateandhomes-detail/219-Egbert-Ave_Staten-Island_NY_10310_M37642-14492,1476.0,5700.0,sq ft lot,Single Family Home,3764214492,2017-07-19,539000,NY,10310,sold_predict
124,158 Balsam Pl,1.5,3.0,Staten Island,/realestateandhomes-detail/158-Balsam-Pl_Staten-Island_NY_10309_M47849-60145,1088.0,1476.0,sq ft lot,Single Family Home,4784960145,2017-07-19,400000,NY,10309,sold_predict
125,100 Vineland Ave,4,4.0,Staten Island,/realestateandhomes-detail/100-Vineland-Ave_Staten-Island_NY_10312_M45914-29850,2096.0,4000.0,sq ft lot,Multi-Family Home,4591429850,2017-07-19,900000,NY,10312,sold_predict
126,146 Cheshire Pl,1.5,2.0,Staten Island,/realestateandhomes-detail/146-Cheshire-Pl_Staten-Island_NY_10301_M38606-69421,1100.0,1260.0,sq ft lot,Single Family Home,3860669421,2017-07-19,460000,NY,10301,sold_predict
127,41 Country Dr,1.5,2.0,Staten Island,/realestateandhomes-detail/41-Country-Dr_Staten-Island_NY_10314_M40173-34860,1120.0,1248.0,sq ft lot,Single Family Home,4017334860,2017-07-19,374800,NY,10314,sold_predict
128,65 Norway Ave,2.5,3.0,Staten Island,/realestateandhomes-detail/65-Norway-Ave_Staten-Island_NY_10305_M39650-80368,1200.0,2300.0,sq ft lot,Single Family Home,3965080368,2017-07-19,485000,NY,10305,sold_predict
129,184 Lovelace Ave,3,5.0,Staten Island,/realestateandhomes-detail/184-Lovelace-Ave_Staten-Island_NY_10312_M37352-66375,2754.0,4000.0,sq ft lot,Multi-Family Home,3735266375,2017-07-19,828000,NY,10312,sold_predict
130,511 Stewart Ave,2.5,3.0,Staten Island,/realestateandhomes-detail/511-Stewart-Ave_Staten-Island_NY_10314_M35151-04262,1850.0,2000.0,sq ft lot,Single Family Home,3515104262,2017-07-19,500000,NY,10314,sold_predict
131,31 Kell Ave,1.5,3.0,Staten Island,/realestateandhomes-detail/31-Kell-Ave_Staten-Island_NY_10314_M31973-23997,1050.0,3742.0,sq ft lot,Single Family Home,3197323997,2017-07-19,570000,NY,10314,sold_predict
132,174 Wirt Ave,1.5,2.0,Staten Island,/realestateandhomes-detail/174-Wirt-Ave_Staten-Island_NY_10309_M45688-74540,1720.0,903.0,sq ft lot,Single Family Home,4568874540,2017-07-19,340000,NY,10309,sold_predict
133,66 Bodine St,2,3.0,Staten Island,/realestateandhomes-detail/66-Bodine-St_Staten-Island_NY_10310_M30353-48815,1480.0,3869.0,sq ft lot,Single Family Home,3035348815,2017-07-19,350000,NY,10310,sold_predict
134,415 Hoyt Ave,1,3.0,Staten Island,/realestateandhomes-detail/415-Hoyt-Ave_Staten-Island_NY_10301_M36764-77165,1300.0,3855.0,sq ft lot,Single Family Home,3676477165,2017-07-19,512000,NY,10301,sold_predict
135,10 Bay Street Lndg Apt 2B,1,1.0,Staten Island,/realestateandhomes-detail/10-Bay-Street-Lndg-Apt-2B_Staten-Island_NY_10301_M37402-57167,750.0,,,Condo/Townhome/Row Home/Co-Op,3740257167,2017-07-19,322000,NY,10301,sold_predict
136,32 Jennifer Pl # B,2.5,3.0,Staten Island,/realestateandhomes-detail/32-Jennifer-Pl-B_Staten-Island_NY_10314_M43122-77125,1100.0,1100.0,sq ft lot,Condo/Townhome/Row Home/Co-Op,4312277125,2017-07-19,379932,NY,10314,sold_predict
137,80 Bay Street Lndg Apt 5H,1.5,1.0,Staten Island,/realestateandhomes-detail/80-Bay-Street-Lndg-Apt-5H_Staten-Island_NY_10301_M41787-10272,1361.0,,,Condo/Townhome/Row Home/Co-Op,4178710272,2017-07-18,753000,NY,10301,sold_predict
138,32 Seagate Ct,2.5,2.0,Staten Island,/realestateandhomes-detail/32-Seagate-Ct_Staten-Island_NY_10305_M32504-29799,1644.0,990.0,sq ft lot,Single Family Home,3250429799,2017-07-18,470000,NY,10305,sold_predict
139,606 Davis Ave,1.5,4.0,Staten Island,/realestateandhomes-detail/606-Davis-Ave_Staten-Island_NY_10310_M44886-13850,1298.0,2604.0,sq ft lot,Single Family Home,4488613850,2017-07-18,480000,NY,10310,sold_predict
140,2 Leroy St,1,2.0,Staten Island,/realestateandhomes-detail/2-Leroy-St_Staten-Island_NY_10314_M44975-47526,1436.0,4914.0,sq ft lot,Multi-Family Home,4497547526,2017-07-18,485000,NY,10314,sold_predict
141,224 Otis Ave,3,3.0,Staten Island,/realestateandhomes-detail/224-Otis-Ave_Staten-Island_NY_10306_M49065-19204,1500.0,4000.0,sq ft lot,Single Family Home,4906519204,2017-07-18,530000,NY,10306,sold_predict
142,130 Simonson Ave,1,4.0,Staten Island,/realestateandhomes-detail/130-Simonson-Ave_Staten-Island_NY_10303_M35136-28145,2800.0,6270.0,sq ft lot,Single Family Home,3513628145,2017-07-18,405000,NY,10303,sold_predict
143,420 Ilyssa Way,1.5,2.0,Staten Island,/realestateandhomes-detail/420-Ilyssa-Way_Staten-Island_NY_10312_M32974-04849,1354.0,1354.0,sq ft lot,Single Family Home,3297404849,2017-07-18,324000,NY,10312,sold_predict
144,110 Surfside Plz # 88,1,2.0,Staten Island,/realestateandhomes-detail/110-Surfside-Plz-88_Staten-Island_NY_10307_M39035-43962,2432.0,792.0,sq ft lot,Condo/Townhome/Row Home/Co-Op,3903543962,2017-07-18,349900,NY,10307,sold_predict
145,66 Heusden St,1.5,4.0,Staten Island,/realestateandhomes-detail/66-Heusden-St_Staten-Island_NY_10303_M34568-32923,1600.0,8929.0,sq ft lot,Single Family Home,3456832923,2017-07-18,375000,NY,10303,sold_predict
146,219 Weed Ave,2.5,3.0,Staten Island,/realestateandhomes-detail/219-Weed-Ave_Staten-Island_NY_10306_M46472-70128,1600.0,2500.0,sq ft lot,Single Family Home,4647270128,2017-07-18,626000,NY,10306,sold_predict
147,678 Clove Rd,2.5,4.0,Staten Island,/realestateandhomes-detail/678-Clove-Rd_Staten-Island_NY_10310_M36203-78623,1620.0,7399.0,sq ft lot,Single Family Home,3620378623,2017-07-17,675000,NY,10310,sold_predict
148,158 Stobe Ave,1.5,3.0,Staten Island,/realestateandhomes-detail/158-Stobe-Ave_Staten-Island_NY_10306_M47198-64767,1280.0,2625.0,sq ft lot,Single Family Home,4719864767,2017-07-17,506000,NY,10306,sold_predict
149,21 Flagship Cir,2.5,2.0,Staten Island,/realestateandhomes-detail/21-Flagship-Cir_Staten-Island_NY_10309_M37892-88694,2058.0,1881.0,sq ft lot,Single Family Home,3789288694,2017-07-17,475000,NY,10309,sold_predict
150,193 Braisted Ave,3.5,4.0,Staten Island,/realestateandhomes-detail/193-Braisted-Ave_Staten-Island_NY_10314_M35941-35879,2276.0,2500.0,sq ft lot,Single Family Home,3594135879,2017-07-17,630000,NY,10314,sold_predict
151,36 Birch Ln,2,3.0,Staten Island,/realestateandhomes-detail/36-Birch-Ln_Staten-Island_NY_10312_M45106-21574,1480.0,1720.0,sq ft lot,Single Family Home,4510621574,2017-07-17,475000,NY,10312,sold_predict
152,656 Britton Ave,1.5,3.0,Staten Island,/realestateandhomes-detail/656-Britton-Ave_Staten-Island_NY_10304_M35843-98096,1410.0,2600.0,sq ft lot,Single Family Home,3584398096,2017-07-17,495000,NY,10304,sold_predict
153,172 McVeigh Ave,2.5,3.0,Staten Island,/realestateandhomes-detail/172-McVeigh-Ave_Staten-Island_NY_10314_M46428-29766,1440.0,2280.0,sq ft lot,Single Family Home,4642829766,2017-07-17,550000,NY,10314,sold_predict
154,62 E Cheshire Pl,1,3.0,Staten Island,/realestateandhomes-detail/62-E-Cheshire-Pl_Staten-Island_NY_10301_M47249-84599,1066.0,10890.0,acres lot,Single Family Home,4724984599,2017-07-17,610000,NY,10301,sold_predict
155,211 Dongan Hills Ave,1,3.0,Staten Island,/realestateandhomes-detail/211-Dongan-Hills-Ave_Staten-Island_NY_10305_M34366-13963,1080.0,3600.0,sq ft lot,Single Family Home,3436613963,2017-07-17,495000,NY,10305,sold_predict
156,330 Woodbine Ave,2,4.0,Staten Island,/realestateandhomes-detail/330-Woodbine-Ave_Staten-Island_NY_10314_M33013-30368,2350.0,4000.0,sq ft lot,Multi-Family Home,3301330368,2017-07-17,789900,NY,10314,sold_predict
157,91 Skyline Dr,3,3.0,Staten Island,/realestateandhomes-detail/91-Skyline-Dr_Staten-Island_NY_10304_M30513-93989,1261.0,1050.0,sq ft lot,Single Family Home,3051393989,2017-07-17,359000,NY,10304,sold_predict
158,20 Jason Ct,3,3.0,Staten Island,/realestateandhomes-detail/20-Jason-Ct_Staten-Island_NY_10306_M46327-48702,1700.0,1750.0,sq ft lot,Single Family Home,4632748702,2017-07-17,475000,NY,10306,sold_predict
159,12 Delmar Ave Apt J,1.5,2.0,Staten Island,/realestateandhomes-detail/12-Delmar-Ave-Apt-J_Staten-Island_NY_10312_M47463-83597,1319.0,2059.0,sq ft lot,Single Family Home,4746383597,2017-07-17,400000,NY,10312,sold_predict
160,127 Gervil St,1,1.0,Staten Island,/realestateandhomes-detail/127-Gervil-St_Staten-Island_NY_10309_M30512-14660,743.0,743.0,sq ft lot,Condo/Townhome/Row Home/Co-Op,3051214660,2017-07-17,287000,NY,10309,sold_predict
161,94 Trossach Rd,3,4.0,Staten Island,/realestateandhomes-detail/94-Trossach-Rd_Staten-Island_NY_10304_M42735-88443,3600.0,11761.2,acres lot,Multi-Family Home,4273588443,2017-07-17,692000,NY,10304,sold_predict
162,21 Sutton Pl,2,3.0,Staten Island,/realestateandhomes-detail/21-Sutton-Pl_Staten-Island_NY_10312_M34981-19216,2100.0,2080.0,sq ft lot,Condo/Townhome/Row Home/Co-Op,3498119216,2017-07-17,415000,NY,10312,sold_predict
163,146 Westervelt Ave,2,4.0,Staten Island,/realestateandhomes-detail/146-Westervelt-Ave_Staten-Island_NY_10301_M40579-18758,2242.0,2500.0,sq ft lot,Multi-Family Home,4057918758,2017-07-17,300000,NY,10301,sold_predict
164,193 Bathgate St,1,2.0,Staten Island,/realestateandhomes-detail/193-Bathgate-St_Staten-Island_NY_10312_M35436-56271,808.0,5000.0,sq ft lot,Single Family Home,3543656271,2017-07-17,350000,NY,10312,sold_predict
165,175 Colfax Ave,2,3.0,Staten Island,/realestateandhomes-detail/175-Colfax-Ave_Staten-Island_NY_10306_M42630-96110,1120.0,5155.0,sq ft lot,Single Family Home,4263096110,2017-07-14,565000,NY,10306,sold_predict
166,148 Figurea Ave,2,4.0,Staten Island,/realestateandhomes-detail/148-Figurea-Ave_Staten-Island_NY_10312_M49075-50575,2288.0,4100.0,sq ft lot,Single Family Home,4907550575,2017-07-14,705000,NY,10312,sold_predict
167,2817 Amboy Rd,2.5,3.0,Staten Island,/realestateandhomes-detail/2817-Amboy-Rd_Staten-Island_NY_10306_M45539-84610,1400.0,3108.0,sq ft lot,Single Family Home,4553984610,2017-07-14,578000,NY,10306,sold_predict
168,91 Winthrop Pl,2,3.0,Staten Island,/realestateandhomes-detail/91-Winthrop-Pl_Staten-Island_NY_10314_M32336-21300,1360.0,2800.0,sq ft lot,Single Family Home,3233621300,2017-07-14,571800,NY,10314,sold_predict
169,325 Park St,3.5,4.0,Staten Island,/realestateandhomes-detail/325-Park-St_Staten-Island_NY_10306_M49839-02193,2812.0,7000.0,sq ft lot,Single Family Home,4983902193,2017-07-14,970000,NY,10306,sold_predict
170,70 Reid Ave,1.5,3.0,Staten Island,/realestateandhomes-detail/70-Reid-Ave_Staten-Island_NY_10305_M43348-22380,1184.0,2341.0,sq ft lot,Single Family Home,4334822380,2017-07-14,489000,NY,10305,sold_predict
171,242 Finlay St,1,1.0,Staten Island,/realestateandhomes-detail/242-Finlay-St_Staten-Island_NY_10307_M40284-02205,4320.0,6726.0,sq ft lot,Multi-Family Home,4028402205,2017-07-14,1050000,NY,10307,sold_predict
172,505 Ilyssa Way,1.5,2.0,Staten Island,/realestateandhomes-detail/505-Ilyssa-Way_Staten-Island_NY_10312_M33665-70438,1510.0,560.0,sq ft lot,Single Family Home,3366570438,2017-07-14,325000,NY,10312,sold_predict
173,4 Ross Ln,2,4.0,Staten Island,/realestateandhomes-detail/4-Ross-Ln_Staten-Island_NY_10312_M36168-44656,1776.0,5600.0,sq ft lot,Single Family Home,3616844656,2017-07-14,555000,NY,10312,sold_predict
174,661 Craig Ave,2,3.0,Staten Island,/realestateandhomes-detail/661-Craig-Ave_Staten-Island_NY_10307_M33158-70383,2200.0,5120.0,sq ft lot,Single Family Home,3315870383,2017-07-14,665000,NY,10307,sold_predict
175,1040 Sheldon Ave,2.5,3.0,Staten Island,/realestateandhomes-detail/1040-Sheldon-Ave_Staten-Island_NY_10309_M34271-64158,1593.0,2561.0,sq ft lot,Single Family Home,3427164158,2017-07-14,580000,NY,10309,sold_predict
176,35 Nelson Ave,2.5,3.0,Staten Island,/realestateandhomes-detail/35-Nelson-Ave_Staten-Island_NY_10308_M41419-11117,1432.0,4950.0,sq ft lot,Single Family Home,4141911117,2017-07-14,599000,NY,10308,sold_predict
177,104 Meade Loop,3.5,5.0,Staten Island,/realestateandhomes-detail/104-Meade-Loop_Staten-Island_NY_10309_M34500-62045,3760.0,12632.4,acres lot,Single Family Home,3450062045,2017-07-14,900000,NY,10309,sold_predict
178,478 Colon Ave,2,3.0,Staten Island,/realestateandhomes-detail/478-Colon-Ave_Staten-Island_NY_10308_M30064-93603,1600.0,2700.0,sq ft lot,Single Family Home,3006493603,2017-07-14,505000,NY,10308,sold_predict
179,36 Elie Ct,1.5,3.0,Staten Island,/realestateandhomes-detail/36-Elie-Ct_Staten-Island_NY_10314_M46546-36772,1196.0,1456.0,sq ft lot,Single Family Home,4654636772,2017-07-14,450000,NY,10314,sold_predict
180,41 Roosevelt Ave,1.5,3.0,Staten Island,/realestateandhomes-detail/41-Roosevelt-Ave_Staten-Island_NY_10314_M33050-18261,1600.0,4036.0,sq ft lot,Single Family Home,3305018261,2017-07-14,555000,NY,10314,sold_predict
181,9 Woodside Ave,2.5,4.0,Staten Island,/realestateandhomes-detail/9-Woodside-Ave_Staten-Island_NY_10304_M48573-25834,4200.0,8300.0,sq ft lot,Single Family Home,4857325834,2017-07-14,915000,NY,10304,sold_predict
182,212 Brookfield Ave,1.5,3.0,Staten Island,/realestateandhomes-detail/212-Brookfield-Ave_Staten-Island_NY_10308_M31025-45607,1280.0,2424.0,sq ft lot,Single Family Home,3102545607,2017-07-14,482500,NY,10308,sold_predict
183,119 Aspen Knolls Way,1.5,2.0,Staten Island,/realestateandhomes-detail/119-Aspen-Knolls-Way_Staten-Island_NY_10312_M41706-07116,1354.0,520.0,sq ft lot,Single Family Home,4170607116,2017-07-14,318000,NY,10312,sold_predict
184,66 Whitman Ave,4,4.0,Staten Island,/realestateandhomes-detail/66-Whitman-Ave_Staten-Island_NY_10308_M47337-55517,2376.0,3960.0,sq ft lot,Multi-Family Home,4733755517,2017-07-14,799000,NY,10308,sold_predict
185,89 Mersereau Ave,3,4.0,Staten Island,/realestateandhomes-detail/89-Mersereau-Ave_Staten-Island_NY_10303_M47124-51808,1920.0,3240.0,sq ft lot,Multi-Family Home,4712451808,2017-07-14,402000,NY,10303,sold_predict
186,8 Franklin Ln Apt B,1.5,2.0,Staten Island,/realestateandhomes-detail/8-Franklin-Ln-Apt-B_Staten-Island_NY_10306_M48127-93156,864.0,936.0,sq ft lot,Single Family Home,4812793156,2017-07-14,359900,NY,10306,sold_predict
187,53 Simmons Loop,1.5,2.0,Staten Island,/realestateandhomes-detail/53-Simmons-Loop_Staten-Island_NY_10314_M38071-21410,1240.0,2208.0,sq ft lot,Single Family Home,3807121410,2017-07-14,335000,NY,10314,sold_predict
188,257 Durant Ave,2.5,3.0,Staten Island,/realestateandhomes-detail/257-Durant-Ave_Staten-Island_NY_10306_M42287-95819,2063.0,2525.0,sq ft lot,Single Family Home,4228795819,2017-07-14,629900,NY,10306,sold_predict
189,10 Palmer Ave,1,3.0,Staten Island,/realestateandhomes-detail/10-Palmer-Ave_Staten-Island_NY_10302_M43014-10574,2350.0,2000.0,sq ft lot,Multi-Family Home,4301410574,2017-07-14,404000,NY,10302,sold_predict
190,66 Pilot Ln,2.5,2.0,Staten Island,/realestateandhomes-detail/66-Pilot-Ln_Staten-Island_NY_10309_M31169-36711,2490.0,1520.0,sq ft lot,Single Family Home,3116936711,2017-07-13,680000,NY,10309,sold_predict
191,32 Caroline St,1.5,3.0,Staten Island,/realestateandhomes-detail/32-Caroline-St_Staten-Island_NY_10310_M49930-33052,1688.0,4060.0,sq ft lot,Single Family Home,4993033052,2017-07-13,325855,NY,10310,sold_predict
192,30 Mandy Ct,2.5,3.0,Staten Island,/realestateandhomes-detail/30-Mandy-Ct_Staten-Island_NY_10309_M44288-11458,1768.0,2379.0,sq ft lot,Single Family Home,4428811458,2017-07-13,589900,NY,10309,sold_predict
193,117 Ridgewood Ave,4,4.0,Staten Island,/realestateandhomes-detail/117-Ridgewood-Ave_Staten-Island_NY_10312_M34066-84489,2800.0,3036.0,sq ft lot,Multi-Family Home,3406684489,2017-07-13,826000,NY,10312,sold_predict
194,33 Ramblewood Ave,2,2.0,Staten Island,/realestateandhomes-detail/33-Ramblewood-Ave_Staten-Island_NY_10308_M38517-31892,884.0,3800.0,sq ft lot,Single Family Home,3851731892,2017-07-13,529000,NY,10308,sold_predict
195,30 Bowling Green Pl,2,3.0,Staten Island,/realestateandhomes-detail/30-Bowling-Green-Pl_Staten-Island_NY_10314_M46010-91850,2332.0,3810.0,sq ft lot,Multi-Family Home,4601091850,2017-07-13,750000,NY,10314,sold_predict
196,140 Sinclair Ave,1,3.0,Staten Island,/realestateandhomes-detail/140-Sinclair-Ave_Staten-Island_NY_10312_M36594-16884,1176.0,4000.0,sq ft lot,Single Family Home,3659416884,2017-07-13,475000,NY,10312,sold_predict
197,479-1 Willow Rd,1.5,3.0,Staten Island,/realestateandhomes-detail/479-1-Willow-Rd-Unit-1_Staten-Island_NY_10314_M32944-14064,880.0,440.0,sq ft lot,Condo/Townhome/Row Home/Co-Op,3294414064,2017-07-13,364000,NY,10314,sold_predict
198,159 Roosevelt Ave,2,4.0,Staten Island,/realestateandhomes-detail/159-Roosevelt-Ave_Staten-Island_NY_10314_M41439-80340,1224.0,5500.0,sq ft lot,Single Family Home,4143980340,2017-07-13,525000,NY,10314,sold_predict
199,212 Fremont Ave,1,2.0,Staten Island,/realestateandhomes-detail/212-Fremont-Ave_Staten-Island_NY_10306_M49488-65910,800.0,3800.0,sq ft lot,Single Family Home,4948865910,2017-07-13,470000,NY,10306,sold_predict
200,10 Meadow Ct,1.5,2.0,Staten Island,/realestateandhomes-detail/10-Meadow-Ct_Staten-Island_NY_10309_M44144-81741,1188.0,1292.0,sq ft lot,Condo/Townhome/Row Home/Co-Op,4414481741,2017-07-13,360000,NY,10309,sold_predict
201,202 Robinson Ave,2,3.0,Staten Island,/realestateandhomes-detail/202-Robinson-Ave_Staten-Island_NY_10312_M34360-30303,1230.0,2500.0,sq ft lot,Single Family Home,3436030303,2017-07-13,500000,NY,10312,sold_predict
202,16 Alexsandra Ct,2,2.0,Staten Island,/realestateandhomes-detail/16-Alexsandra-Ct_Staten-Island_NY_10312_M36019-90556,1480.0,645.0,sq ft lot,Single Family Home,3601990556,2017-07-13,290000,NY,10312,sold_predict
203,166 El Camino Loop,4,4.0,Staten Island,/realestateandhomes-detail/166-El-Camino-Loop_Staten-Island_NY_10309_M42089-69360,2800.0,2784.0,sq ft lot,Multi-Family Home,4208969360,2017-07-13,639000,NY,10309,sold_predict
204,165 El Camino Loop,4,4.0,Staten Island,/realestateandhomes-detail/165-El-Camino-Loop_Staten-Island_NY_10309_M42101-24604,2474.0,2425.0,sq ft lot,Multi-Family Home,4210124604,2017-07-13,639000,NY,10309,sold_predict
205,64 Lockman Ave,1.5,3.0,Staten Island,/realestateandhomes-detail/64-Lockman-Ave_Staten-Island_NY_10303_M44950-75379,1500.0,876.0,sq ft lot,Single Family Home,4495075379,2017-07-13,290000,NY,10303,sold_predict
206,133 Ridgeway Ave,2.5,3.0,Staten Island,/realestateandhomes-detail/133-Ridgeway-Ave_Staten-Island_NY_10314_M36505-62967,1704.0,1512.0,sq ft lot,Single Family Home,3650562967,2017-07-12,470000,NY,10314,sold_predict
207,15 Hillcrest St,2.5,3.0,Staten Island,/realestateandhomes-detail/15-Hillcrest-St_Staten-Island_NY_10308_M43099-36251,2250.0,7791.0,sq ft lot,Single Family Home,4309936251,2017-07-12,830000,NY,10308,sold_predict
208,19 Leo St # A,1.5,2.0,Staten Island,/realestateandhomes-detail/19-Leo-St-A_Staten-Island_NY_10314_M41820-72919,1496.0,1100.0,sq ft lot,Condo/Townhome/Row Home/Co-Op,4182072919,2017-07-12,296000,NY,10314,sold_predict
209,60 Columbus Ave,1.5,3.0,Staten Island,/realestateandhomes-detail/60-Columbus-Ave_Staten-Island_NY_10304_M31760-11301,1292.0,2016.0,sq ft lot,Single Family Home,3176011301,2017-07-12,500000,NY,10304,sold_predict
210,49 Seagate Ct,2.5,2.0,Staten Island,/realestateandhomes-detail/49-Seagate-Ct_Staten-Island_NY_10305_M39433-98377,1644.0,1020.0,sq ft lot,Single Family Home,3943398377,2017-07-12,470000,NY,10305,sold_predict
211,88 Portage Ave,1.5,2.0,Staten Island,/realestateandhomes-detail/88-Portage-Ave_Staten-Island_NY_10314_M36699-39178,1764.0,1232.0,sq ft lot,Single Family Home,3669939178,2017-07-12,450000,NY,10314,sold_predict
212,19 Forest Ln,2.5,3.0,Staten Island,/realestateandhomes-detail/19-Forest-Ln_Staten-Island_NY_10307_M47983-03278,1472.0,656.0,sq ft lot,Single Family Home,4798303278,2017-07-12,370000,NY,10307,sold_predict
213,560 Golfview Ct,1.5,3.0,Staten Island,/realestateandhomes-detail/560-Golfview-Ct_Staten-Island_NY_10314_M30459-35492,1002.0,2324.0,sq ft lot,Condo/Townhome/Row Home/Co-Op,3045935492,2017-07-12,325000,NY,10314,sold_predict
214,21 Llewellyn Pl,2.5,3.0,Staten Island,/realestateandhomes-detail/21-Llewellyn-Pl_Staten-Island_NY_10310_M38310-05730,1552.0,3000.0,sq ft lot,Single Family Home,3831005730,2017-07-12,429000,NY,10310,sold_predict
215,95 Carnegie Ave,3,4.0,Staten Island,/realestateandhomes-detail/95-Carnegie-Ave_Staten-Island_NY_10314_M46758-39168,2538.0,4700.0,sq ft lot,Multi-Family Home,4675839168,2017-07-12,630000,NY,10314,sold_predict
216,61 Norway Ave,2,3.0,Staten Island,/realestateandhomes-detail/61-Norway-Ave_Staten-Island_NY_10305_M45357-16075,1140.0,2300.0,sq ft lot,Single Family Home,4535716075,2017-07-12,439000,NY,10305,sold_predict
217,Enfield Pl,,,Staten Island,/realestateandhomes-detail/Enfield-Pl_Staten-Island_NY_10306_M36561-44482,,6000.0,sq ft lot,Land,3656144482,2017-07-12,399000,NY,10306,sold_predict
218,316 Main St,4,4.0,Staten Island,/realestateandhomes-detail/316-Main-St_Staten-Island_NY_10307_M40170-09496,2798.0,5700.0,sq ft lot,Multi-Family Home,4017009496,2017-07-11,763000,NY,10307,sold_predict
219,258 Ridgewood Ave,2,4.0,Staten Island,/realestateandhomes-detail/258-Ridgewood-Ave_Staten-Island_NY_10312_M34485-97150,2230.0,4085.0,sq ft lot,Single Family Home,3448597150,2017-07-11,665000,NY,10312,sold_predict
220,138 Ridgewood Ave,1.5,3.0,Staten Island,/realestateandhomes-detail/138-Ridgewood-Ave_Staten-Island_NY_10312_M44997-49366,1710.0,2470.0,sq ft lot,Single Family Home,4499749366,2017-07-11,480000,NY,10312,sold_predict
221,81 Hammock Ln,1.5,3.0,Staten Island,/realestateandhomes-detail/81-Hammock-Ln_Staten-Island_NY_10312_M47820-27508,1805.0,1620.0,sq ft lot,Condo/Townhome/Row Home/Co-Op,4782027508,2017-07-11,395000,NY,10312,sold_predict
222,28 Elmira Ave,2,3.0,Staten Island,/realestateandhomes-detail/28-Elmira-Ave_Staten-Island_NY_10314_M30952-28887,1514.0,4000.0,sq ft lot,Single Family Home,3095228887,2017-07-11,635000,NY,10314,sold_predict
223,51 Amanda Ct,2.5,3.0,Staten Island,/realestateandhomes-detail/51-Amanda-Ct_Staten-Island_NY_10312_M43043-34988,1354.0,500.0,sq ft lot,Single Family Home,4304334988,2017-07-11,370000,NY,10312,sold_predict
224,11 Arielle Ln # 153,1.5,2.0,Staten Island,/realestateandhomes-detail/11-Arielle-Ln-153_Staten-Island_NY_10314_M43032-05637,1306.0,440.0,sq ft lot,Condo/Townhome/Row Home/Co-Op,4303205637,2017-07-11,380000,NY,10314,sold_predict
225,362 Darlington Ave,4,6.0,Staten Island,/realestateandhomes-detail/362-Darlington-Ave_Staten-Island_NY_10312_M46103-82503,2912.0,8000.0,sq ft lot,Multi-Family Home,4610382503,2017-07-11,800000,NY,10312,sold_predict
226,269 Chesterton Ave,2,3.0,Staten Island,/realestateandhomes-detail/269-Chesterton-Ave_Staten-Island_NY_10306_M37774-43199,1050.0,4000.0,sq ft lot,Single Family Home,3777443199,2017-07-11,550000,NY,10306,sold_predict
227,452 Annadale Rd,3,3.0,Staten Island,/realestateandhomes-detail/452-Annadale-Rd_Staten-Island_NY_10312_M45845-25869,1825.0,3563.0,sq ft lot,Multi-Family Home,4584525869,2017-07-11,575000,NY,10312,sold_predict
228,35 Brad Ln,1.5,3.0,Staten Island,/realestateandhomes-detail/35-Brad-Ln_Staten-Island_NY_10314_M38315-79241,1500.0,900.0,sq ft lot,Single Family Home,3831579241,2017-07-11,330000,NY,10314,sold_predict
229,24 Trent St,2.5,4.0,Staten Island,/realestateandhomes-detail/24-Trent-St_Staten-Island_NY_10308_M38564-29327,1643.0,4000.0,sq ft lot,Single Family Home,3856429327,2017-07-10,630000,NY,10308,sold_predict
230,131 Pembrook Loop,1.5,2.0,Staten Island,/realestateandhomes-detail/131-Pembrook-Loop_Staten-Island_NY_10309_M32892-42905,1828.0,1680.0,sq ft lot,Single Family Home,3289242905,2017-07-10,425000,NY,10309,sold_predict
231,5299 Amboy Rd,5,4.0,Staten Island,/realestateandhomes-detail/5299-Amboy-Rd_Staten-Island_NY_10312_M45378-54355,4108.0,5293.0,sq ft lot,Multi-Family Home,4537854355,2017-07-10,1034000,NY,10312,sold_predict
232,389 Morningstar Rd,3,3.0,Staten Island,/realestateandhomes-detail/389-Morningstar-Rd_Staten-Island_NY_10303_M45000-06711,1900.0,2044.0,sq ft lot,Multi-Family Home,4500006711,2017-07-10,450000,NY,10303,sold_predict
233,22 Diaz Pl,2.5,3.0,Staten Island,/realestateandhomes-detail/22-Diaz-Pl_Staten-Island_NY_10306_M42737-99659,1736.0,3045.0,sq ft lot,Single Family Home,4273799659,2017-07-10,545000,NY,10306,sold_predict
234,358 Giffords Ln,1.5,2.0,Staten Island,/realestateandhomes-detail/358-Giffords-Ln_Staten-Island_NY_10308_M34040-34083,1162.0,7020.0,sq ft lot,Single Family Home,3404034083,2017-07-10,460000,NY,10308,sold_predict
235,298 Gordon St,2.5,2.0,Staten Island,/realestateandhomes-detail/298-Gordon-St_Staten-Island_NY_10304_M30260-51926,996.0,2500.0,sq ft lot,Single Family Home,3026051926,2017-07-10,237000,NY,10304,sold_predict
236,88 Highland Rd,2.5,3.0,Staten Island,/realestateandhomes-detail/88-Highland-Rd_Staten-Island_NY_10308_M35651-56794,2430.0,5000.0,sq ft lot,Single Family Home,3565156794,2017-07-10,660000,NY,10308,sold_predict
237,5 North St,2,4.0,Staten Island,/realestateandhomes-detail/5-North-St_Staten-Island_NY_10302_M44391-45497,1992.0,3564.0,sq ft lot,Multi-Family Home,4439145497,2017-07-10,330000,NY,10302,sold_predict
238,588 Main St,3,4.0,Staten Island,/realestateandhomes-detail/588-Main-St_Staten-Island_NY_10307_M37444-95521,2400.0,2375.0,sq ft lot,Multi-Family Home,3744495521,2017-07-10,649000,NY,10307,sold_predict
239,27 Vedder Ave,5,6.0,Staten Island,/realestateandhomes-detail/27-Vedder-Ave_Staten-Island_NY_10314_M38249-35234,2880.0,9656.0,sq ft lot,Multi-Family Home,3824935234,2017-07-07,800000,NY,10314,sold_predict
240,21 Samantha Ln,4,5.0,Staten Island,/realestateandhomes-detail/21-Samantha-Ln_Staten-Island_NY_10309_M46047-24010,3175.0,5960.0,sq ft lot,Multi-Family Home,4604724010,2017-07-07,845000,NY,10309,sold_predict
241,32 Norman Pl,2,3.0,Staten Island,/realestateandhomes-detail/32-Norman-Pl_Staten-Island_NY_10309_M37311-91089,1880.0,4120.0,sq ft lot,Single Family Home,3731191089,2017-07-07,590000,NY,10309,sold_predict
242,1235 Forest Hill Rd # J1,1,2.0,Staten Island,/realestateandhomes-detail/1235-Forest-Hill-Rd-J1_Staten-Island_NY_10314_M40283-61207,863.0,34848.0,acres lot,Condo/Townhome/Row Home/Co-Op,4028361207,2017-07-07,410000,NY,10314,sold_predict
243,86 Pemberton Ave,5,5.0,Staten Island,/realestateandhomes-detail/86-Pemberton-Ave_Staten-Island_NY_10308_M36985-70794,2480.0,3596.0,sq ft lot,Multi-Family Home,3698570794,2017-07-07,700000,NY,10308,sold_predict
244,131 Saint Johns Ave,1.5,2.0,Staten Island,/realestateandhomes-detail/131-Saint-Johns-Ave_Staten-Island_NY_10305_M34298-63904,1200.0,1400.0,sq ft lot,Single Family Home,3429863904,2017-07-07,390000,NY,10305,sold_predict
245,4056 Richmond Ave,1.5,3.0,Staten Island,/realestateandhomes-detail/4056-Richmond-Ave_Staten-Island_NY_10312_M42540-92273,966.0,3977.0,sq ft lot,Single Family Home,4254092273,2017-07-07,530000,NY,10312,sold_predict
246,60 Park Hill Ct,1.5,2.0,Staten Island,/realestateandhomes-detail/60-Park-Hill-Ct_Staten-Island_NY_10304_M47775-63818,1350.0,4050.0,sq ft lot,Single Family Home,4777563818,2017-07-07,410000,NY,10304,sold_predict
247,254 Oakwood Ave,2,3.0,Staten Island,/realestateandhomes-detail/254-Oakwood-Ave_Staten-Island_NY_10301_M33096-92461,1560.0,2875.0,sq ft lot,Single Family Home,3309692461,2017-07-07,495000,NY,10301,sold_predict
248,7 Azalea Ct,1.5,2.0,Staten Island,/realestateandhomes-detail/7-Azalea-Ct_Staten-Island_NY_10309_M48509-95395,1080.0,1260.0,sq ft lot,Single Family Home,4850995395,2017-07-07,353000,NY,10309,sold_predict
249,16 Sharrotts Rd,2.5,3.0,Staten Island,/realestateandhomes-detail/16-Sharrotts-Rd_Staten-Island_NY_10309_M41113-66862,1590.0,4074.0,sq ft lot,Single Family Home,4111366862,2017-07-07,515000,NY,10309,sold_predict
250,37 Ledyard Pl,1.5,3.0,Staten Island,/realestateandhomes-detail/37-Ledyard-Pl_Staten-Island_NY_10305_M45406-35179,1131.0,2027.0,sq ft lot,Single Family Home,4540635179,2017-07-07,380000,NY,10305,sold_predict
251,111 Mapleton Ave,1,3.0,Staten Island,/realestateandhomes-detail/111-Mapleton-Ave_Staten-Island_NY_10306_M35807-08065,520.0,1160.0,sq ft lot,Single Family Home,3580708065,2017-07-07,230000,NY,10306,sold_predict
252,104 Moffett St,1.5,3.0,Staten Island,/realestateandhomes-detail/104-Moffett-St_Staten-Island_NY_10312_M35066-00626,1600.0,3400.0,sq ft lot,Single Family Home,3506600626,2017-07-07,475000,NY,10312,sold_predict
253,23 Belair Rd,1.5,6.0,Staten Island,/realestateandhomes-detail/23-Belair-Rd_Staten-Island_NY_10305_M47518-39649,2250.0,4514.0,sq ft lot,Single Family Home,4751839649,2017-07-07,262500,NY,10305,sold_predict
254,121 Mountainview Ave,2,4.0,Staten Island,/realestateandhomes-detail/121-Mountainview-Ave_Staten-Island_NY_10314_M45348-86778,1500.0,4226.0,sq ft lot,Single Family Home,4534886778,2017-07-06,560000,NY,10314,sold_predict
255,464 Correll Ave,4,3.0,Staten Island,/realestateandhomes-detail/464-Correll-Ave_Staten-Island_NY_10309_M44880-13007,3200.0,5250.0,sq ft lot,Multi-Family Home,4488013007,2017-07-06,999900,NY,10309,sold_predict
256,161 Crossfield Ave,1.5,2.0,Staten Island,/realestateandhomes-detail/161-Crossfield-Ave_Staten-Island_NY_10312_M38413-80184,1396.0,1437.0,sq ft lot,Single Family Home,3841380184,2017-07-06,430000,NY,10312,sold_predict
257,74 South Ave,3,4.0,Staten Island,/realestateandhomes-detail/74-South-Ave_Staten-Island_NY_10303_M38344-13378,1470.0,2075.0,sq ft lot,Multi-Family Home,3834413378,2017-07-06,375000,NY,10303,sold_predict
258,42 Degroot Pl,3,3.0,Staten Island,/realestateandhomes-detail/42-Degroot-Pl_Staten-Island_NY_10310_M49884-49341,2205.0,3080.0,sq ft lot,Multi-Family Home,4988449341,2017-07-06,589000,NY,10310,sold_predict
259,157 McVeigh Ave,2,3.0,Staten Island,/realestateandhomes-detail/157-McVeigh-Ave_Staten-Island_NY_10314_M38025-76891,1736.0,2400.0,sq ft lot,Single Family Home,3802576891,2017-07-06,592000,NY,10314,sold_predict
260,146 Sprague Ave,2,4.0,Staten Island,/realestateandhomes-detail/146-Sprague-Ave_Staten-Island_NY_10307_M37037-28016,2080.0,20037.600000000002,acres lot,Land,3703728016,2017-07-06,865000,NY,10307,sold_predict
261,342 Huguenot Ave,2.5,3.0,Staten Island,/realestateandhomes-detail/342-Huguenot-Ave_Staten-Island_NY_10312_M47840-22199,2048.0,2352.0,sq ft lot,Single Family Home,4784022199,2017-07-06,525000,NY,10312,sold_predict
262,2 Elie Ct,1.5,3.0,Staten Island,/realestateandhomes-detail/2-Elie-Ct_Staten-Island_NY_10314_M46625-37152,1186.0,2415.0,sq ft lot,Single Family Home,4662537152,2017-07-06,420000,NY,10314,sold_predict
263,92 Driggs St,1,3.0,Staten Island,/realestateandhomes-detail/92-Driggs-St_Staten-Island_NY_10308_M39417-29143,1008.0,6120.0,sq ft lot,Single Family Home,3941729143,2017-07-06,490000,NY,10308,sold_predict
264,299 Oldfield St,3.5,3.0,Staten Island,/realestateandhomes-detail/299-Oldfield-St_Staten-Island_NY_10306_M33505-53604,2411.0,3000.0,sq ft lot,Single Family Home,3350553604,2017-07-05,665000,NY,10306,sold_predict
265,5 Ovis Pl,2,3.0,Staten Island,/realestateandhomes-detail/5-Ovis-Pl_Staten-Island_NY_10306_M37050-55068,1232.0,2400.0,sq ft lot,Single Family Home,3705055068,2017-07-05,528000,NY,10306,sold_predict
266,84 Eltingville Blvd,2,3.0,Staten Island,/realestateandhomes-detail/84-Eltingville-Blvd_Staten-Island_NY_10312_M34241-13425,912.0,5560.0,sq ft lot,Single Family Home,3424113425,2017-07-05,555000,NY,10312,sold_predict
267,145 Nevada Ave,2,4.0,Staten Island,/realestateandhomes-detail/145-Nevada-Ave_Staten-Island_NY_10306_M48877-44689,2018.0,21780.0,acres lot,Single Family Home,4887744689,2017-07-05,910000,NY,10306,sold_predict
268,795 Klondike Ave,4,5.0,Staten Island,/realestateandhomes-detail/795-Klondike-Ave_Staten-Island_NY_10314_M44681-57996,2784.0,6480.0,sq ft lot,Multi-Family Home,4468157996,2017-07-05,900000,NY,10314,sold_predict
269,619 Lamoka Ave,1,2.0,Staten Island,/realestateandhomes-detail/619-Lamoka-Ave_Staten-Island_NY_10312_M45219-24527,2652.0,4000.0,sq ft lot,Multi-Family Home,4521924527,2017-07-05,780000,NY,10312,sold_predict
270,121 Home Pl,1.5,4.0,Staten Island,/realestateandhomes-detail/121-Home-Pl_Staten-Island_NY_10314_M33940-77076,1620.0,5000.0,sq ft lot,Single Family Home,3394077076,2017-07-05,585000,NY,10314,sold_predict
271,514 Winchester Ave,1.5,3.0,Staten Island,/realestateandhomes-detail/514-Winchester-Ave_Staten-Island_NY_10312_M44254-30408,1440.0,2700.0,sq ft lot,Single Family Home,4425430408,2017-07-05,535000,NY,10312,sold_predict
272,39 Ada Dr,1,2.0,Staten Island,/realestateandhomes-detail/39-Ada-Dr_Staten-Island_NY_10314_M39071-43474,972.0,1360.0,sq ft lot,Condo/Townhome/Row Home/Co-Op,3907143474,2017-07-05,305000,NY,10314,sold_predict
273,49 Pitney Ave,1.5,3.0,Staten Island,/realestateandhomes-detail/49-Pitney-Ave_Staten-Island_NY_10309_M33092-91982,1496.0,4000.0,sq ft lot,Single Family Home,3309291982,2017-07-05,460000,NY,10309,sold_predict
274,304 S Greenleaf Ave,3,4.0,Staten Island,/realestateandhomes-detail/304-S-Greenleaf-Ave_Staten-Island_NY_10314_M32867-95397,1737.0,6000.0,sq ft lot,Single Family Home,3286795397,2017-07-05,700000,NY,10314,sold_predict
275,441 Oakland Ave,4,5.0,Staten Island,/realestateandhomes-detail/441-Oakland-Ave_Staten-Island_NY_10310_M48482-73758,5200.0,8500.0,sq ft lot,Single Family Home,4848273758,2017-07-03,725000,NY,10310,sold_predict
276,172 Bidwell Ave,1,3.0,Staten Island,/realestateandhomes-detail/172-Bidwell-Ave_Staten-Island_NY_10314_M32248-39835,1355.0,2310.0,sq ft lot,Single Family Home,3224839835,2017-07-03,535000,NY,10314,sold_predict
277,84 Lamped Loop # A,1.5,3.0,Staten Island,/realestateandhomes-detail/84-Lamped-Loop-A_Staten-Island_NY_10314_M47733-51176,1649.0,1649.0,sq ft lot,Condo/Townhome/Row Home/Co-Op,4773351176,2017-07-03,384000,NY,10314,sold_predict
278,27 Dickie Ave,3,3.0,Staten Island,/realestateandhomes-detail/27-Dickie-Ave_Staten-Island_NY_10314_M40525-59982,2704.0,4300.0,sq ft lot,Multi-Family Home,4052559982,2017-07-03,647500,NY,10314,sold_predict
279,131 Green Valley Rd,4,4.0,Staten Island,/realestateandhomes-detail/131-Green-Valley-Rd_Staten-Island_NY_10312_M39985-11067,2248.0,1983.0,sq ft lot,Multi-Family Home,3998511067,2017-07-03,499999,NY,10312,sold_predict
280,1150 Arthur Kill Rd,2,3.0,Staten Island,/realestateandhomes-detail/1150-Arthur-Kill-Rd_Staten-Island_NY_10312_M48886-21402,1950.0,4000.0,sq ft lot,Single Family Home,4888621402,2017-06-30,490000,NY,10312,sold_predict
281,245 Livermore Ave,1.5,3.0,Staten Island,/realestateandhomes-detail/245-Livermore-Ave_Staten-Island_NY_10314_M33231-10126,1240.0,3400.0,sq ft lot,Single Family Home,3323110126,2017-06-30,575000,NY,10314,sold_predict
282,41 Evergreen Ave,2,3.0,Staten Island,/realestateandhomes-detail/41-Evergreen-Ave_Staten-Island_NY_10304_M34819-94222,1652.0,5000.0,sq ft lot,Single Family Home,3481994222,2017-06-30,634000,NY,10304,sold_predict
283,3800 Amboy Rd,3,2.0,Staten Island,/realestateandhomes-detail/3800-Amboy-Rd_Staten-Island_NY_10308_M39121-41911,1925.0,3481.0,sq ft lot,Multi-Family Home,3912141911,2017-06-30,558800,NY,10308,sold_predict
284,652 Jewett Ave,2.5,4.0,Staten Island,/realestateandhomes-detail/652-Jewett-Ave_Staten-Island_NY_10314_M32638-39394,1748.0,7844.0,sq ft lot,Single Family Home,3263839394,2017-06-30,665000,NY,10314,sold_predict
285,79 Churchill Ave,3.5,3.0,Staten Island,/realestateandhomes-detail/79-Churchill-Ave_Staten-Island_NY_10309_M35029-26155,2280.0,4628.0,sq ft lot,Single Family Home,3502926155,2017-06-30,774143,NY,10309,sold_predict
286,41 Hillcrest St,3.5,3.0,Staten Island,/realestateandhomes-detail/41-Hillcrest-St_Staten-Island_NY_10308_M43127-68463,1824.0,3160.0,sq ft lot,Single Family Home,4312768463,2017-06-30,639999,NY,10308,sold_predict
287,350 Milton Ave,2.5,3.0,Staten Island,/realestateandhomes-detail/350-Milton-Ave_Staten-Island_NY_10306_M34285-13955,1152.0,2500.0,sq ft lot,Single Family Home,3428513955,2017-06-30,550000,NY,10306,sold_predict
288,14 Ludwig St,1,3.0,Staten Island,/realestateandhomes-detail/14-Ludwig-St_Staten-Island_NY_10310_M46604-09845,1430.0,3525.0,sq ft lot,Single Family Home,4660409845,2017-06-30,530000,NY,10310,sold_predict
289,22 Berglund Ave,4,4.0,Staten Island,/realestateandhomes-detail/22-Berglund-Ave_Staten-Island_NY_10314_M47621-47090,2400.0,4100.0,sq ft lot,Multi-Family Home,4762147090,2017-06-30,725000,NY,10314,sold_predict
290,249 Corona Ave,1,2.0,Staten Island,/realestateandhomes-detail/249-Corona-Ave_Staten-Island_NY_10306_M48680-24708,1504.0,2507.0,sq ft lot,Multi-Family Home,4868024708,2017-06-30,453000,NY,10306,sold_predict
291,19 Kathleen Ct,5,7.0,Staten Island,/realestateandhomes-detail/19-Kathleen-Ct_Staten-Island_NY_10307_M46629-53375,4356.0,12632.4,acres lot,Multi-Family Home,4662953375,2017-06-30,1100000,NY,10307,sold_predict
292,160 S Gannon Ave,1.5,2.0,Staten Island,/realestateandhomes-detail/160-S-Gannon-Ave_Staten-Island_NY_10314_M40884-27489,1196.0,816.0,sq ft lot,Single Family Home,4088427489,2017-06-30,325000,NY,10314,sold_predict
293,239 Finley Ave,1.5,2.0,Staten Island,/realestateandhomes-detail/239-Finley-Ave_Staten-Island_NY_10306_M39143-89240,1080.0,1739.0,sq ft lot,Single Family Home,3914389240,2017-06-30,327500,NY,10306,sold_predict
294,197 Sheldon Ave,4,4.0,Staten Island,/realestateandhomes-detail/197-Sheldon-Ave_Staten-Island_NY_10312_M36082-38270,2800.0,4000.0,sq ft lot,Multi-Family Home,3608238270,2017-06-30,869000,NY,10312,sold_predict
295,40 Adelphi Ave,2,3.0,Staten Island,/realestateandhomes-detail/40-Adelphi-Ave_Staten-Island_NY_10309_M36949-46552,1320.0,4000.0,sq ft lot,Single Family Home,3694946552,2017-06-30,310000,NY,10309,sold_predict
296,471 Retford Ave,2,3.0,Staten Island,/realestateandhomes-detail/471-Retford-Ave_Staten-Island_NY_10312_M38306-76635,1410.0,2400.0,sq ft lot,Single Family Home,3830676635,2017-06-30,479900,NY,10312,sold_predict
297,537 Woolley Ave,3.5,3.0,Staten Island,/realestateandhomes-detail/537-Woolley-Ave_Staten-Island_NY_10314_M47208-29462,1500.0,2500.0,sq ft lot,Single Family Home,4720829462,2017-06-30,600000,NY,10314,sold_predict
298,405 Lisk Ave,2.5,4.0,Staten Island,/realestateandhomes-detail/405-Lisk-Ave_Staten-Island_NY_10303_M45364-53873,1884.0,2880.0,sq ft lot,Single Family Home,4536453873,2017-06-29,409000,NY,10303,sold_predict
299,217 Finlay St,5.5,4.0,Staten Island,/realestateandhomes-detail/217-Finlay-St_Staten-Island_NY_10307_M49443-51105,3615.0,5102.0,sq ft lot,Single Family Home,4944351105,2017-06-29,1190000,NY,10307,sold_predict
300,1076 Arden Ave,5,6.0,Staten Island,/realestateandhomes-detail/1076-Arden-Ave_Staten-Island_NY_10312_M48632-49592,2500.0,4200.0,sq ft lot,Multi-Family Home,4863249592,2017-06-29,895000,NY,10312,sold_predict
301,95 Parkview Loop,1.5,2.0,Staten Island,/realestateandhomes-detail/95-Parkview-Loop_Staten-Island_NY_10314_M30297-29882,1496.0,945.0,sq ft lot,Condo/Townhome/Row Home/Co-Op,3029729882,2017-06-29,302500,NY,10314,sold_predict
302,24 Van Riper St,2,3.0,Staten Island,/realestateandhomes-detail/24-Van-Riper-St_Staten-Island_NY_10302_M33955-69639,1600.0,2500.0,sq ft lot,Multi-Family Home,3395569639,2017-06-29,480000,NY,10302,sold_predict
303,5303 Amboy Rd,5,4.0,Staten Island,/realestateandhomes-detail/5303-Amboy-Rd_Staten-Island_NY_10312_M45472-45373,4015.0,5754.0,sq ft lot,Multi-Family Home,4547245373,2017-06-29,1130000,NY,10312,sold_predict
304,6505 Amboy Rd,2,3.0,Staten Island,/realestateandhomes-detail/6505-Amboy-Rd_Staten-Island_NY_10309_M47629-55569,1696.0,9435.0,sq ft lot,Single Family Home,4762955569,2017-06-29,642500,NY,10309,sold_predict
305,50 Palmer Ave,2,4.0,Staten Island,/realestateandhomes-detail/50-Palmer-Ave_Staten-Island_NY_10302_M43255-21639,1140.0,2210.0,sq ft lot,Single Family Home,4325521639,2017-06-29,397500,NY,10302,sold_predict
306,49 City Blvd,2,4.0,Staten Island,/realestateandhomes-detail/49-City-Blvd_Staten-Island_NY_10301_M32948-87212,2470.0,4900.0,sq ft lot,Multi-Family Home,3294887212,2017-06-29,725000,NY,10301,sold_predict
307,65 Daffodil Ct,1.5,3.0,Staten Island,/realestateandhomes-detail/65-Daffodil-Ct_Staten-Island_NY_10312_M36369-46011,1828.0,2558.0,sq ft lot,Single Family Home,3636946011,2017-06-29,451500,NY,10312,sold_predict
308,67 Thornycroft Ave,2,3.0,Staten Island,/realestateandhomes-detail/67-Thornycroft-Ave_Staten-Island_NY_10312_M46344-10812,1683.0,2125.0,sq ft lot,Single Family Home,4634410812,2017-06-29,420000,NY,10312,sold_predict
309,133 Finlay St,4,5.0,Staten Island,/realestateandhomes-detail/133-Finlay-St_Staten-Island_NY_10307_M38584-93475,2812.0,4947.0,sq ft lot,Multi-Family Home,3858493475,2017-06-29,930000,NY,10307,sold_predict
310,100 Seguine Pl,2.5,3.0,Staten Island,/realestateandhomes-detail/100-Seguine-Pl_Staten-Island_NY_10312_M39917-06624,1710.0,16.0,sq ft lot,Single Family Home,3991706624,2017-06-29,439000,NY,10312,sold_predict
311,55 Austin Pl Apt 3S,1,2.0,Staten Island,/realestateandhomes-detail/55-Austin-Pl-Apt-3S_Staten-Island_NY_10304_M46778-82497,865.0,865.0,sq ft lot,Condo/Townhome/Row Home/Co-Op,4677882497,2017-06-29,250000,NY,10304,sold_predict
312,24 Dockside Ln,2,3.0,Staten Island,/realestateandhomes-detail/24-Dockside-Ln_Staten-Island_NY_10308_M31093-71725,1660.0,3510.0,sq ft lot,Single Family Home,3109371725,2017-06-29,540000,NY,10308,sold_predict
313,41 Tappen Ct,1.5,3.0,Staten Island,/realestateandhomes-detail/41-Tappen-Ct_Staten-Island_NY_10304_M44916-08423,1442.0,1456.0,sq ft lot,Single Family Home,4491608423,2017-06-29,310000,NY,10304,sold_predict
314,114 Jacques Ave,1,3.0,Staten Island,/realestateandhomes-detail/114-Jacques-Ave_Staten-Island_NY_10306_M35252-38672,1232.0,7000.0,sq ft lot,Land,3525238672,2017-06-29,700000,NY,10306,sold_predict
315,191 Quintard St,1,2.0,Staten Island,/realestateandhomes-detail/191-Quintard-St_Staten-Island_NY_10305_M34985-03034,792.0,1116.0,sq ft lot,Single Family Home,3498503034,2017-06-29,268000,NY,10305,sold_predict
316,41 Saint Austins Pl,1,3.0,Staten Island,/realestateandhomes-detail/41-Saint-Austins-Pl_Staten-Island_NY_10310_M37050-60143,1700.0,6100.0,sq ft lot,Single Family Home,3705060143,2017-06-29,210000,NY,10310,sold_predict
317,217 Weed Ave,2.5,3.0,Staten Island,/realestateandhomes-detail/217-Weed-Ave_Staten-Island_NY_10306_M47092-83165,1600.0,2500.0,sq ft lot,Single Family Home,4709283165,2017-06-29,619900,NY,10306,sold_predict
318,116 Raritan Ave,2,4.0,Staten Island,/realestateandhomes-detail/116-Raritan-Ave_Staten-Island_NY_10304_M41156-72042,1998.0,6145.0,sq ft lot,Multi-Family Home,4115672042,2017-06-28,680000,NY,10304,sold_predict
319,166 Sycamore St,4,4.0,Staten Island,/realestateandhomes-detail/166-Sycamore-St_Staten-Island_NY_10308_M33298-22367,3250.0,5700.0,sq ft lot,Single Family Home,3329822367,2017-06-28,948000,NY,10308,sold_predict
320,687 Davis Ave,2,4.0,Staten Island,/realestateandhomes-detail/687-Davis-Ave_Staten-Island_NY_10310_M34109-52250,1512.0,3640.0,sq ft lot,Single Family Home,3410952250,2017-06-28,675000,NY,10310,sold_predict
321,586 Delafield Ave,4,5.0,Staten Island,/realestateandhomes-detail/586-Delafield-Ave_Staten-Island_NY_10310_M41291-46569,2552.0,6500.0,sq ft lot,Multi-Family Home,4129146569,2017-06-28,605000,NY,10310,sold_predict
322,462 Slosson Ave,2.5,5.0,Staten Island,/realestateandhomes-detail/462-Slosson-Ave_Staten-Island_NY_10314_M37039-17494,2608.0,5644.0,sq ft lot,Single Family Home,3703917494,2017-06-28,870000,NY,10314,sold_predict
323,17 Armond St # A,1.5,2.0,Staten Island,/realestateandhomes-detail/17-Armond-St-A_Staten-Island_NY_10314_M34712-50622,850.0,1275.0,sq ft lot,Condo/Townhome/Row Home/Co-Op,3471250622,2017-06-28,300000,NY,10314,sold_predict
324,127 Weed Ave,1.5,3.0,Staten Island,/realestateandhomes-detail/127-Weed-Ave_Staten-Island_NY_10306_M31671-76277,1470.0,2121.0,sq ft lot,Single Family Home,3167176277,2017-06-28,475000,NY,10306,sold_predict
325,394 Leverett Ave,2,4.0,Staten Island,/realestateandhomes-detail/394-Leverett-Ave_Staten-Island_NY_10308_M30988-38609,2400.0,4100.0,sq ft lot,Multi-Family Home,3098838609,2017-06-28,732500,NY,10308,sold_predict
326,35 Ely Ave,1.5,3.0,Staten Island,/realestateandhomes-detail/35-Ely-Ave_Staten-Island_NY_10312_M47487-49021,1632.0,4452.0,sq ft lot,Single Family Home,4748749021,2017-06-28,735000,NY,10312,sold_predict
327,63 Amanda Ct,1.5,2.0,Staten Island,/realestateandhomes-detail/63-Amanda-Ct_Staten-Island_NY_10312_M36173-06859,1354.0,500.0,sq ft lot,Single Family Home,3617306859,2017-06-28,330000,NY,10312,sold_predict
328,1185 Willowbrook Rd,2.5,3.0,Staten Island,/realestateandhomes-detail/1185-Willowbrook-Rd_Staten-Island_NY_10314_M36152-99083,1332.0,2500.0,sq ft lot,Single Family Home,3615299083,2017-06-28,547900,NY,10314,sold_predict
329,438 Retford Ave,2,3.0,Staten Island,/realestateandhomes-detail/438-Retford-Ave_Staten-Island_NY_10312_M31627-37105,1410.0,2475.0,sq ft lot,Single Family Home,3162737105,2017-06-28,530000,NY,10312,sold_predict
330,400 Burgher Ave,1,3.0,Staten Island,/realestateandhomes-detail/400-Burgher-Ave_Staten-Island_NY_10305_M43268-47469,1080.0,4100.0,sq ft lot,Single Family Home,4326847469,2017-06-28,480000,NY,10305,sold_predict
331,276 Ilyssa Way,1.5,2.0,Staten Island,/realestateandhomes-detail/276-Ilyssa-Way_Staten-Island_NY_10312_M42160-14704,1354.0,516.0,sq ft lot,Single Family Home,4216014704,2017-06-28,333000,NY,10312,sold_predict
332,85 Seagate Ct,2,2.0,Staten Island,/realestateandhomes-detail/85-Seagate-Ct_Staten-Island_NY_10305_M49459-68612,1644.0,1425.0,sq ft lot,Single Family Home,4945968612,2017-06-28,475000,NY,10305,sold_predict
333,325 Colony Ave,1.5,3.0,Staten Island,/realestateandhomes-detail/325-Colony-Ave_Staten-Island_NY_10306_M40621-29106,1660.0,2000.0,sq ft lot,Single Family Home,4062129106,2017-06-28,470000,NY,10306,sold_predict
334,181 Crowell Ave,1.5,3.0,Staten Island,/realestateandhomes-detail/181-Crowell-Ave_Staten-Island_NY_10314_M39979-83750,1000.0,4000.0,sq ft lot,Single Family Home,3997983750,2017-06-28,605000,NY,10314,sold_predict
335,23 Tony Ct,1.5,2.0,Staten Island,/realestateandhomes-detail/23-Tony-Ct_Staten-Island_NY_10305_M33092-76238,1568.0,1800.0,sq ft lot,Single Family Home,3309276238,2017-06-28,405000,NY,10305,sold_predict
336,12 Elwood Ave,4,4.0,Staten Island,/realestateandhomes-detail/12-Elwood-Ave_Staten-Island_NY_10314_M38904-74654,2916.0,4100.0,sq ft lot,Multi-Family Home,3890474654,2017-06-27,775000,NY,10314,sold_predict
337,20 Holly Pl,2,4.0,Staten Island,/realestateandhomes-detail/20-Holly-Pl_Staten-Island_NY_10306_M47244-19435,2496.0,4000.0,sq ft lot,Single Family Home,4724419435,2017-06-27,695000,NY,10306,sold_predict
338,731 Stafford Ave,2,3.0,Staten Island,/realestateandhomes-detail/731-Stafford-Ave_Staten-Island_NY_10309_M38280-47200,1934.0,4000.0,sq ft lot,Single Family Home,3828047200,2017-06-27,675000,NY,10309,sold_predict
339,136 Greeley Ave,1.5,3.0,Staten Island,/realestateandhomes-detail/136-Greeley-Ave_Staten-Island_NY_10306_M48481-60738,1176.0,5000.0,sq ft lot,Single Family Home,4848160738,2017-06-27,625000,NY,10306,sold_predict
340,31 Carol Pl,1.5,3.0,Staten Island,/realestateandhomes-detail/31-Carol-Pl_Staten-Island_NY_10303_M37695-76936,1595.0,1638.0,sq ft lot,Single Family Home,3769576936,2017-06-27,415000,NY,10303,sold_predict
341,65 Sharrotts Ln,3,3.0,Staten Island,/realestateandhomes-detail/65-Sharrotts-Ln_Staten-Island_NY_10309_M47078-37650,3250.0,4300.0,sq ft lot,Multi-Family Home,4707837650,2017-06-27,642500,NY,10309,sold_predict
342,99 Pitney Ave,2.5,4.0,Staten Island,/realestateandhomes-detail/99-Pitney-Ave_Staten-Island_NY_10309_M44864-24605,2400.0,4000.0,sq ft lot,Single Family Home,4486424605,2017-06-27,565000,NY,10309,sold_predict
