Detail_1A,Detail_1B,Detail_2A,Detail_2B,Detail_3A,Detail_3B,address,bathroom,bedroom,city,detailslink,floorsize,lotsize,lotunit,propertyType,propertyid,school_district,soldDate,soldPrice,state,year_built,zipcode
28.03%,Less expensive than,73,Days on market,0.31%,Sold lower than,58 Miro Pl,2,2,Port Washington,/realestateandhomes-detail/58-Miro-Pl_Port-Washington_NY_11050_M46683-55867,"1,329","1,238", sq ft lot,Condo,4668355867,School District: Port Washington,"June  6, 2017","$647,000",NY,2004,11050
9.32%,Less expensive than,61,Days on market,"$429,000",Neighborhood,8 Falcon Ln,1,5,Levittown,/realestateandhomes-detail/8-Falcon-Ln_Levittown_NY_11756_M48227-17209,"1,316","6,148", sq ft lot,Single family,4822717209,School District: Levittown,"June  6, 2017","$389,000",NY,1949,11756
1.48%,More expensive than,126,Days on market,1.92%,Sold higher than,69 Hamilton Ave,3,2,Valley Stream,/realestateandhomes-detail/69-Hamilton-Ave_Valley-Stream_NY_11580_M32514-23415,"2,186","5,280", sq ft lot,Single family,3251423415,School District: Valley Stream 30,"June  6, 2017","$479,000",NY,1970,11580
33.56%,Less expensive than,183,Days on market,9.84%,Sold lower than,14 Peg Pl,2+,3,Syosset,/realestateandhomes-detail/14-Peg-Pl_Syosset_NY_11791_M31431-30512,"1,600","7,000", sq ft lot,Single family,3143130512,School District: Syosset,"June  6, 2017","$495,000",NY,1980,11791
21.68%,Less expensive than,200,Days on market,2.13%,Sold higher than,,2,3,Levittown,/realestateandhomes-detail/32-Redpoll-Ln_Levittown_NY_11756_M31767-92327,"1,804","6,000", sq ft lot,Single family,3176792327,School District: Levittown,"June  6, 2017","$336,000",NY,1948,11756
35.90%,Less expensive than,88,Days on market,2.05%,Sold lower than,564 Chesman St,2+,3,West Hempstead,/realestateandhomes-detail/564-Chesman-St_West-Hempstead_NY_11552_M30487-32730,"1,170","6,000", sq ft lot,Single family,3048732730,School District: Franklin Square,"June  6, 2017","$313,425",NY,1968,11552
23.23%,Less expensive than,23.33%,Sold lower than,"$1,498,000",Neighborhood,43 Sherwood Ln,5+,6,Roslyn Heights,/realestateandhomes-detail/43-Sherwood-Ln_Roslyn-Heights_NY_11577_M41138-16112,"4,404",0.53, acres lot,Single family,4113816112,School Information Not Available,"June  6, 2017","$1,150,000",NY,1988,11577
45.08%,More expensive than,39.13%,Sold lower than,"$482,500",Neighborhood,45 Captains Rd,4,5,Valley Stream,/realestateandhomes-detail/45-Captains-Rd_Valley-Stream_NY_11581_M30802-77388,"2,500","6,800", sq ft lot,Single family,3080277388,School Information Not Available,"June  6, 2017","$700,000",NY,1960,11581
36.93%,More expensive than,222.73%,Sold higher than,"$518,500",Neighborhood,142 Park Ln,1,3,Massapequa,/realestateandhomes-detail/142-Park-Ln_Massapequa_NY_11758_M34936-48892,816,"7,020", sq ft lot,Single family,3493648892,School Information Not Available,"June  6, 2017","$710,000",NY,1953,11758
7.23%,More expensive than,357,Days on market,3.97%,Sold lower than,5 Quail Ln,2,6,Levittown,/realestateandhomes-detail/5-Quail-Ln_Levittown_NY_11756_M30018-28727,"2,000","6,000", sq ft lot,Single family,3001828727,School District: Levittown,"June  5, 2017","$460,000",NY,1948,11756
42.35%,Less expensive than,44,Days on market,1.45%,Sold higher than,32 Biltmore Ave,1,2,Elmont,/realestateandhomes-detail/32-Biltmore-Ave_Elmont_NY_11003_M34430-77785,925,"3,120", sq ft lot,Single family,3443077785,School District: Elmont,"June  5, 2017","$245,000",NY,1923,11003
11.25%,Less expensive than,60,Days on market,3.84%,Sold lower than,9 Capitol Ave,2,2,Williston Park,/realestateandhomes-detail/9-Capitol-Ave_Williston-Park_NY_11596_M45505-24319,"1,300","4,000", sq ft lot,Multi family,4550524319,School District: Herricks,"June  5, 2017","$576,000",NY,1926,11596
29.72%,Less expensive than,108,Days on market,5.47%,Sold lower than,1701 New Hyde Park Rd,1,3,New Hyde Park,/realestateandhomes-detail/1701-New-Hyde-Park-Rd_New-Hyde-Park_NY_11040_M49655-29228,"1,221","4,400", sq ft lot,Single family,4965529228,School District: New Hyde Park-Garden City Park,"June  5, 2017","$509,500",NY,1941,11040
6.31%,Less expensive than,121,Days on market,4.12%,Sold lower than,18 London Rd,3,5,Syosset,/realestateandhomes-detail/18-London-Rd_Syosset_NY_11791_M47481-22868,"2,215","7,200", sq ft lot,Single family,4748122868,School District: Syosset,"June  5, 2017","$698,000",NY,1954,11791
8.80%,Less expensive than,127,Days on market,9.38%,Sold lower than,136 Manor St,2+,3,Plainview,/realestateandhomes-detail/136-Manor-St_Plainview_NY_11803_M38731-81698,"1,944","6,000", sq ft lot,Single family,3873181698,School District: Plainview-Old Bethpage,"June  5, 2017","$570,000",NY,1955,11803
5.88%,Less expensive than,319,Days on market,12.57%,Sold lower than,450 Shore Rd Apt 1D,2,2,Long Beach,/realestateandhomes-detail/450-Shore-Rd-Apt-1D_Long-Beach_NY_11561_M48970-95596,900,,,Condo,4897095596,School District: Long Beach,"June  5, 2017","$400,000",NY,1965,11561
15%,Less expensive than,68,Days on market,11.96%,Sold lower than,20 The Neck,4,4,Manhasset,/realestateandhomes-detail/20-The-Neck_Manhasset_NY_11030_M42861-58501,"3,582",0.24, acres lot,Single family,4286158501,School District: Manhasset,"June  5, 2017","$1,848,000",NY,1946,11030
8.32%,Less expensive than,55,Days on market,2.40%,Sold lower than,6 Doone Dr,3,3,Syosset,/realestateandhomes-detail/6-Doone-Dr_Syosset_NY_11791_M32600-80486,"1,910",0.27, acres lot,Single family,3260080486,School District: Syosset,"June  5, 2017","$683,000",NY,1958,11791
3.11%,More expensive than,95,Days on market,2.90%,Sold lower than,631 Hunt Ln,3+,4,Manhasset,/realestateandhomes-detail/631-Hunt-Ln_Manhasset_NY_11030_M41173-06516,"2,383",0.25, acres lot,Single family,4117306516,School District: Manhasset,"June  5, 2017","$1,675,000",NY,1938,11030
30.72%,More expensive than,89,Days on market,1.03%,Sold lower than,1689 Hannington Ave,2+,4,Wantagh,/realestateandhomes-detail/1689-Hannington-Ave_Wantagh_NY_11793_M41234-19873,"1,832","9,750", sq ft lot,Single family,4123419873,School District: Wantagh,"June  2, 2017","$692,700",NY,1963,11793
47.51%,More expensive than,140,Days on market,3.63%,Sold lower than,2245 6th St,2+,4,East Meadow,/realestateandhomes-detail/2245-6th-St_East-Meadow_NY_11554_M41259-75232,,"6,000", sq ft lot,Single family,4125975232,School District: East Meadow,"June  2, 2017","$770,000",NY,2017,11554
7.08%,Less expensive than,65,Days on market,1.96%,Sold higher than,110 Redwood Dr,3+,5,Roslyn,/realestateandhomes-detail/110-Redwood-Dr_Roslyn_NY_11576_M46780-06034,"3,501",0.56, acres lot,Single family,4678006034,School District: Roslyn,"June  2, 2017","$1,300,000",NY,1959,11576
281,Days on market,12.90%,Sold lower than,"$1,350,000",Neighborhood,21 Tappanwood Dr,5+,5,Locust Valley,/realestateandhomes-detail/21-Tappanwood-Dr_Locust-Valley_NY_11560_M39003-86537,"5,000",1.15, acres lot,Single family,3900386537,School District: Glen Cove,"June  2, 2017","$1,350,000",NY,1999,11560
13.75%,Less expensive than,98,Days on market,2.81%,Sold higher than,28 Barnyard Ln,2,3,Levittown,/realestateandhomes-detail/28-Barnyard-Ln_Levittown_NY_11756_M44210-45286,"1,050","6,000", sq ft lot,Single family,4421045286,School District: Levittown,"June  2, 2017","$370,000",NY,1950,11756
9.62%,More expensive than,120,Days on market,"$363,999",Neighborhood,813 Oliver Ave,2,4,Westbury,/realestateandhomes-detail/813-Oliver-Ave_Westbury_NY_11590_M32910-71229,"1,400","5,000", sq ft lot,Single family,3291071229,School District: Westbury,"June  2, 2017","$399,000",NY,1951,11590
29.73%,More expensive than,113,Days on market,21.70%,Sold lower than,208 Amherst St,3,6,Hempstead,/realestateandhomes-detail/208-Amherst-St_Hempstead_NY_11550_M42767-13068,"1,875","5,000", sq ft lot,Multi family,4276713068,School District: Hempstead,"June  2, 2017","$415,000",NY,1960,11550
12.94%,More expensive than,71,Days on market,1.84%,Sold lower than,20 Waldorf Ave,3,5,Elmont,/realestateandhomes-detail/20-Waldorf-Ave_Elmont_NY_11003_M42420-93130,"1,660","4,160", sq ft lot,Single family,4242093130,School District: Elmont,"June  2, 2017","$480,000",NY,1921,11003
2.02%,More expensive than,110,Days on market,4.72%,Sold lower than,27 Brittle Ln,2,3,Hicksville,/realestateandhomes-detail/27-Brittle-Ln_Hicksville_NY_11801_M47338-00670,"1,988",0.27, acres lot,Single family,4733800670,School District: Hicksville,"June  2, 2017","$505,000",NY,1952,11801
52.86%,More expensive than,42,Days on market,0.74%,Sold lower than,531 Ray St Unit 21,2+,2,Freeport,/realestateandhomes-detail/531-Ray-St-21_Freeport_NY_11520_M38965-31270,"1,545",,,Condo,3896531270,School District: Freeport,"June  2, 2017","$535,000",NY,2016,11520
1.69%,More expensive than,77,Days on market,5.94%,Sold lower than,3 Park Lane Pl,2,4,Massapequa,/realestateandhomes-detail/3-Park-Ln_Massapequa_NY_11758_M30164-43274,"2,108","8,710", sq ft lot,Single family,3016443274,School District: Massapequa,"June  2, 2017","$602,000",NY,1953,11758
18.06%,Less expensive than,71,Days on market,5.08%,Sold lower than,44 Clubside Dr,2+,3,Woodmere,/realestateandhomes-detail/44-Clubside-Dr_Woodmere_NY_11598_M46563-47521,"1,770","1,519", sq ft lot,Condo,4656347521,School District: Hewlett-Woodmere,"June  2, 2017","$635,000",NY,1990,11598
20.42%,More expensive than,83,Days on market,"$519,000",Neighborhood,1048 Johnston Ave,3,4,Wantagh,/realestateandhomes-detail/1048-Johnston-Ave_Wantagh_NY_11793_M39790-87655,"1,941","6,000", sq ft lot,Single family,3979087655,School District: Levittown,"June  2, 2017","$625,000",NY,1951,11793
3.73%,More expensive than,55,Days on market,6.21%,Sold higher than,20 Weaver Ln,2,4,Levittown,/realestateandhomes-detail/20-Weaver-Ln_Levittown_NY_11756_M43579-73641,"2,096","6,100", sq ft lot,Single family,4357973641,School District: Levittown,"June  1, 2017","$445,000",NY,1951,11756
36.86%,More expensive than,258,Days on market,"$350,000",Neighborhood,,2,4,Freeport,/realestateandhomes-detail/186-Pennsylvania-Ave_Freeport_NY_11520_M37867-07561,"1,981",0.26, acres lot,Single family,3786707561,School District: Freeport,"June  1, 2017","$479,000",NY,1931,11520
5.11%,Less expensive than,85,Days on market,0.84%,Sold higher than,914 Van Buren Ave,2,4,Franklin Square,/realestateandhomes-detail/914-Van-Buren-Ave_Franklin-Square_NY_11010_M34658-69318,"1,261","5,500", sq ft lot,Single family,3465869318,School District: Franklin Square,"June  1, 2017","$483,000",NY,1941,11010
8.32%,Less expensive than,197,Days on market,4.90%,Sold lower than,62 11th Ave,2+,4,Mineola,/realestateandhomes-detail/62-11th-Ave_Mineola_NY_11501_M48700-81702,"1,256","4,300", sq ft lot,Single family,4870081702,School District: Mineola,"June  1, 2017","$485,000",NY,1950,11501
17.33%,Less expensive than,115,Days on market,1.70%,Sold lower than,1 Macarthur Ave,1+,3,Plainview,/realestateandhomes-detail/1-Macarthur-Ave_Plainview_NY_11803_M48392-77809,"1,240","9,040", sq ft lot,Single family,4839277809,School District: Bethpage,"June  1, 2017","$520,000",NY,1954,11803
12.15%,More expensive than,104,Days on market,"$535,000",Neighborhood,2650 Hewlett Ln,2+,4,Bellmore,/realestateandhomes-detail/2650-Hewlett-Ln_Bellmore_NY_11710_M34422-90645,"2,167","6,039", sq ft lot,Single family,3442290645,School District: Bellmore,"June  1, 2017","$599,999",NY,1958,11710
10.63%,Less expensive than,93,Days on market,1.14%,Sold lower than,132 4th St,2+,4,New Hyde Park,/realestateandhomes-detail/132-4th-St_New-Hyde-Park_NY_11040_M48535-33698,"1,680","6,000", sq ft lot,Single family,4853533698,School District: New Hyde Park-Garden City Park,"June  1, 2017","$651,500",NY,1932,11040
23.47%,Less expensive than,145,Days on market,7.28%,Sold lower than,26 Maple Run Dr,2+,3,Jericho,/realestateandhomes-detail/26-Maple-Run-Dr_Jericho_NY_11753_M48287-90335,"2,472",,,Condo,4828790335,School District: Jericho,"June  1, 2017","$675,000",NY,1983,11753
17.70%,Less expensive than,62,Days on market,4.76%,Sold lower than,100 Hilton Ave Unit 309,2+,2,Garden City,/realestateandhomes-detail/100-Hilton-Ave-Unit-309_Garden-City_NY_11530_M35127-23980,"1,533",,,Condo,3512723980,School District: Garden City,"June  1, 2017","$900,000",NY,1989,11530
23.75%,More expensive than,91,Days on market,5.32%,Sold lower than,99 Longview Rd,2+,3,Port Washington,/realestateandhomes-detail/99-Longview-Rd_Port-Washington_NY_11050_M38211-87485,"1,776",0.28, acres lot,Single family,3821187485,School District: Port Washington,"June  1, 2017","$1,112,500",NY,1937,11050
30.57%,More expensive than,32,Days on market,7.78%,Sold lower than,19 Colgate Rd,3,3,Great Neck,/realestateandhomes-detail/19-Colgate-Rd_Great-Neck_NY_11023_M45230-76990,"2,511","6,300", sq ft lot,Single family,4523076990,School District: Great Neck,"June  1, 2017","$1,245,000",NY,1949,11023
15.22%,Less expensive than,152,Days on market,1.84%,Sold lower than,61 MacGregor Ave,4,5,Roslyn Heights,/realestateandhomes-detail/61-MacGregor-Ave_Roslyn-Heights_NY_11577_M46127-90635,"1,419","7,500", sq ft lot,Single family,4612790635,School District: Roslyn,"June  1, 2017","$1,275,080",NY,2016,11577
64.77%,More expensive than,260,Days on market,13.22%,Sold lower than,19 S Lewis Pl,3,5,Rockville Centre,/realestateandhomes-detail/19-S-Lewis-Pl_Rockville-Centre_NY_11570_M36711-75619,"3,799",0.47, acres lot,Single family,3671175619,School District: Rockville Centre,"June  1, 2017","$1,300,000",NY,1913,11570
40%,Less expensive than,6.02%,Sold lower than,"$625,000",Neighborhood,4 Scott Pl,2+,3,Plainview,/realestateandhomes-detail/4-Scott-Pl_Plainview_NY_11803_M32046-81773,"1,157","9,060", sq ft lot,Single family,3204681773,School Information Not Available,"June  2, 2017","$375,000",NY,1958,11803
44.43%,More expensive than,91,Days on market,2.73%,Sold lower than,127 Ocean Ct,4,6,Massapequa,/realestateandhomes-detail/127-Ocean-Ct_Massapequa_NY_11758_M44503-71656,"3,152",0.25, acres lot,Single family,4450371656,School District: Massapequa,"May 31, 2017","$855,000",NY,1956,11758
32.75%,More expensive than,69,Days on market,3.51%,Sold lower than,76 Calvin Ave,2+,4,Syosset,/realestateandhomes-detail/76-Calvin-Ave_Syosset_NY_11791_M42925-49870,"2,167",0.46, acres lot,Single family,4292549870,School District: Syosset,"May 31, 2017","$989,000",NY,1936,11791
20.43%,Less expensive than,364,Days on market,22.53%,Sold lower than,5 Norgate Rd,4+,5,Glen Head,/realestateandhomes-detail/5-Norgate-Rd_Glen-Head_NY_11545_M36617-23368,"5,100",2.05, acres lot,Single family,3661723368,School District: Jericho,"May 31, 2017","$1,850,000",NY,1998,11545
15.72%,Less expensive than,1,Days on market,"$439,000",Neighborhood,,2,4,North Baldwin,/realestateandhomes-detail/1320-Circle-Dr-E_North-Baldwin_NY_11510_M34247-42238,"1,348","8,000", sq ft lot,Single family,3424742238,School District: Baldwin,"June  1, 2017","$370,000",NY,1949,11510
2.75%,More expensive than,5.92%,Sold lower than,"$471,999",Neighborhood,18 E Beverly Pkwy,2,4,Valley Stream,/realestateandhomes-detail/18-E-Beverly-Pkwy_Valley-Stream_NY_11580_M46275-91511,"1,498","4,000", sq ft lot,Single family,4627591511,School Information Not Available,"June  1, 2017","$485,000",NY,1954,11580
65.25%,More expensive than,5.91%,Sold lower than,"$471,999",Neighborhood,23 Holiday Ct,2+,4,Valley Stream,/realestateandhomes-detail/23-Holiday-Ct_Valley-Stream_NY_11581_M39987-69147,"1,967","6,804", sq ft lot,Single family,3998769147,School Information Not Available,"June  1, 2017","$780,000",NY,1959,11581
8.16%,Less expensive than,2.29%,Sold lower than,"$881,995",Neighborhood,20 Delaware Ave,3,4,Jericho,/realestateandhomes-detail/20-Delaware-Ave_Jericho_NY_11753_M36558-58094,"2,196","9,963", sq ft lot,Single family,3655858094,School Information Not Available,"June  1, 2017","$810,000",NY,1964,11753
27.16%,Less expensive than,35,Days on market,2.76%,Sold higher than,1567 Oxford Rd,1,3,Wantagh,/realestateandhomes-detail/1567-Oxford-Rd_Wantagh_NY_11793_M42789-60396,"1,410",0.25, acres lot,Single family,4278960396,School District: Wantagh,"June  1, 2017","$380,210",NY,1948,11793
6.94%,Less expensive than,116,Days on market,0.20%,Sold lower than,926 Val Park Ave,2,3,Valley Stream,/realestateandhomes-detail/926-Val-Park-Ave_Valley-Stream_NY_11580_M33711-60814,"1,240","6,000", sq ft lot,Single family,3371160814,School District: Valley Stream 13,"May 31, 2017","$449,000",NY,1950,11580
12.90%,Less expensive than,112,Days on market,"$745,000",Neighborhood,108 Candy Ln,2,4,Syosset,/realestateandhomes-detail/108-Candy-Ln_Syosset_NY_11791_M38961-65338,"2,178","6,800", sq ft lot,Single family,3896165338,School District: Syosset,"May 31, 2017","$648,880",NY,1953,11791
32.52%,Less expensive than,96,Days on market,6.45%,Sold higher than,822 Cleveland St,2,4,West Hempstead,/realestateandhomes-detail/822-Cleveland-St_West-Hempstead_NY_11552_M35564-43931,"1,665","6,600", sq ft lot,Single family,3556443931,School District: W. Hempstead,"May 31, 2017","$330,000",NY,1949,11552
154,Days on market,2.51%,Sold lower than,"$350,000",Neighborhood,14 Harrison Ave,3,4,Freeport,/realestateandhomes-detail/14-Harrison-Ave_Freeport_NY_11520_M45560-40199,"1,436","5,000", sq ft lot,Single family,4556040199,School District: Freeport,"May 31, 2017","$350,000",NY,1920,11520
36.44%,Less expensive than,44,Days on market,8.59%,Sold lower than,559 W Fulton St,3,6,Long Beach,/realestateandhomes-detail/559-W-Fulton-St_Long-Beach_NY_11561_M47228-68451,"1,624","2,550", sq ft lot,Multi family,4722868451,School District: Long Beach,"May 31, 2017","$466,200",NY,1926,11561
34.72%,Less expensive than,593,Days on market,1.61%,Sold higher than,1461 Dutch Broadway # 907,2,2,Valley Stream,/realestateandhomes-detail/1461-Dutch-Broadway-907_Valley-Stream_NY_11580_M33993-69694,,,,Condo,3399369694,School District: Valley Stream 13,"May 31, 2017","$315,000",NY,2010,11580
37.44%,Less expensive than,56,Days on market,0%,Sold higher than,1812 Meadowbrook Rd,2,3,Merrick,/realestateandhomes-detail/1812-Meadowbrook-Rd_Merrick_NY_11566_M32329-89368,"1,441","5,073", sq ft lot,Single family,3232989368,School District: Merrick,"May 31, 2017","$375,000",NY,1923,11566
6.40%,Less expensive than,61,Days on market,4.41%,Sold lower than,40 Garnet Ln,2,4,Plainview,/realestateandhomes-detail/40-Garnet-Ln_Plainview_NY_11803_M36823-44732,"1,560","6,000", sq ft lot,Single family,3682344732,School District: Plainview-Old Bethpage,"May 31, 2017","$585,000",NY,1955,11803
38.86%,Less expensive than,593,Days on market,"$482,500",Neighborhood,1461 Dutch Broadway # 716,2,2,Valley Stream,/realestateandhomes-detail/1461-Dutch-Broadway-716_Valley-Stream_NY_11580_M46318-40316,,,,Condo,4631840316,School District: Valley Stream 13,"May 31, 2017","$295,000",NY,2010,11580
32.80%,Less expensive than,126,Days on market,4.11%,Sold lower than,30 Relda St,1+,3,Plainview,/realestateandhomes-detail/30-Relda-St_Plainview_NY_11803_M32597-80708,"1,129","6,500", sq ft lot,Single family,3259780708,School District: Plainview-Old Bethpage,"May 31, 2017","$420,000",NY,1952,11803
77.63%,Less expensive than,265,Days on market,13%,Sold lower than,19 Hernan Ave,2,4,Locust Valley,/realestateandhomes-detail/19-Hernan-Ave_Locust-Valley_NY_11560_M34806-99940,867,"6,000", sq ft lot,Single family,3480699940,School District: Locust Valley,"May 31, 2017","$425,000",NY,1930,11560
34.72%,Less expensive than,593,Days on market,"$482,500",Neighborhood,1461 Dutch Broadway # 913,2,2,Valley Stream,/realestateandhomes-detail/1461-Dutch-Broadway-913_Valley-Stream_NY_11580_M46318-03050,,,,Condo,4631803050,School District: Valley Stream 13,"May 31, 2017","$315,000",NY,2010,11580
7.65%,Less expensive than,279,Days on market,4.27%,Sold lower than,1383 N St,2+,4,Elmont,/realestateandhomes-detail/1383-N-St_Elmont_NY_11003_M38421-94104,"1,075","3,600", sq ft lot,Single family,3842194104,School District: Valley Stream 13,"May 31, 2017","$392,500",NY,1954,11003
20.73%,Less expensive than,81,Days on market,1.59%,Sold higher than,813 Dean Dr,2,3,North Baldwin,/realestateandhomes-detail/813-Dean-Dr_North-Baldwin_NY_11510_M36253-61254,"1,147","6,969", sq ft lot,Single family,3625361254,School District: Uniondale,"May 31, 2017","$325,000",NY,1952,11510
16.57%,More expensive than,139,Days on market,3.98%,Sold lower than,3 Prato Ct,2,4,Freeport,/realestateandhomes-detail/3-Prato-Ct_Freeport_NY_11520_M44080-50844,"1,650","5,000", sq ft lot,Single family,4408050844,School District: Freeport,"May 31, 2017","$408,000",NY,1953,11520
0.19%,More expensive than,20,Days on market,5.34%,Sold lower than,59 9th Ave,2,4,Mineola,/realestateandhomes-detail/59-9th-Ave_Mineola_NY_11501_M48762-38103,"1,418","5,500", sq ft lot,Single family,4876238103,School District: Mineola,"May 31, 2017","$530,000",NY,1952,11501
11.71%,Less expensive than,61,Days on market,3.73%,Sold higher than,104 Norwood Ave,1,2,Malverne,/realestateandhomes-detail/104-Norwood-Ave_Malverne_NY_11565_M49843-74422,"1,219","4,000", sq ft lot,Single family,4984374422,School District: Malverne,"May 30, 2017","$445,000",NY,1938,11565
25.96%,More expensive than,145,Days on market,8.04%,Sold lower than,3200 Wynsum Ave,3,4,Merrick,/realestateandhomes-detail/3200-Wynsum-Ave_Merrick_NY_11566_M42257-69821,"3,145","6,000", sq ft lot,Single family,4225769821,School District: Merrick,"May 30, 2017","$817,500",NY,1966,11566
30.82%,Less expensive than,98,Days on market,2.18%,Sold lower than,103 Jefferson St,2,4,Merrick,/realestateandhomes-detail/103-Jefferson-St_Merrick_NY_11566_M32377-81756,"1,104","5,000", sq ft lot,Single family,3237781756,School District: Merrick,"May 30, 2017","$449,000",NY,1942,11566
24.55%,Less expensive than,194,Days on market,6.62%,Sold lower than,179 Nassau Blvd,2,4,New Hyde Park,/realestateandhomes-detail/179-Nassau-Blvd_New-Hyde-Park_NY_11040_M48690-73596,"1,100","5,050", sq ft lot,Single family,4869073596,School District: New Hyde Park-Garden City Park,"May 30, 2017","$550,000",NY,1936,11040
3.23%,Less expensive than,255,Days on market,15.64%,Sold lower than,125 Lefferts Rd,3+,4,Woodmere,/realestateandhomes-detail/125-Lefferts-Rd_Woodmere_NY_11598_M41819-31255,"2,500","8,658", sq ft lot,Single family,4181931255,School District: Hewlett-Woodmere,"May 30, 2017","$750,000",NY,1948,11598
1.29%,More expensive than,183,Days on market,4.85%,Sold lower than,26 Loel Ct,2+,4,Rockville Centre,/realestateandhomes-detail/26-Loel-Ct_Rockville-Centre_NY_11570_M39818-00548,"2,022","5,000", sq ft lot,Single family,3981800548,School District: Rockville Centre,"May 30, 2017","$784,000",NY,1926,11570
55.46%,Less expensive than,98,Days on market,0.05%,Sold higher than,6 Walnut Rd,2,2,Inwood,/realestateandhomes-detail/6-Walnut-Rd_Inwood_NY_11096_M36765-88627,917,"4,110", sq ft lot,Single family,3676588627,School District: Lawrence,"May 30, 2017","$200,000",NY,1918,11096
36.48%,Less expensive than,117,Days on market,5.78%,Sold lower than,8 Barstow Rd Apt 7F,1,1,Great Neck,/realestateandhomes-detail/8-Barstow-Rd-Apt-7F_Great-Neck_NY_11021_M41622-41659,925,,,Condo,4162241659,School District: Great Neck,"May 30, 2017","$310,000",NY,1929,11021
38.28%,Less expensive than,109,Days on market,1.72%,Sold higher than,12 Sentinel Pl,2,4,Massapequa,/realestateandhomes-detail/12-Sentinel-Pl_Massapequa_NY_11758_M44495-49359,"1,836","5,000", sq ft lot,Single family,4449549359,School District: Amityville,"May 30, 2017","$334,665",NY,1985,11758
13.18%,Less expensive than,248,Days on market,1.16%,Sold lower than,40 Hollywood Ct,3,4,Rockville Centre,/realestateandhomes-detail/40-Hollywood-Ct_Rockville-Centre_NY_11570_M41952-57941,"2,113","6,725", sq ft lot,Single family,4195257941,School District: Rockville Centre,"May 30, 2017","$672,000",NY,1928,11570
7.84%,Less expensive than,214,Days on market,"$471,999",Neighborhood,275 Lyon St,2,4,Valley Stream,/realestateandhomes-detail/275-Lyon-St_Valley-Stream_NY_11580_M31664-19800,"1,100","4,000", sq ft lot,Single family,3166419800,School District: Valley Stream 30,"May 30, 2017","$435,000",NY,1947,11580
25.01%,Less expensive than,214,Days on market,0.12%,Sold higher than,100 Hilton Ave Unit M20,2+,2,Garden City,/realestateandhomes-detail/100-Hilton-Ave-Unit-M20_Garden-City_NY_11530_M42640-05504,"1,465",,,Condo,4264005504,School District: Garden City,"May 30, 2017","$820,000",NY,1989,11530
16.12%,Less expensive than,180,Days on market,10.26%,Sold lower than,36 Newport Rd,2,3,Island Park,/realestateandhomes-detail/36-Newport-Rd_Island-Park_NY_11558_M30638-87894,"1,822","4,000", sq ft lot,Single family,3063887894,School District: Island Park,"May 30, 2017","$385,000",NY,1935,11558
21.88%,Less expensive than,115,Days on market,9.30%,Sold lower than,44 Central Blvd,2,4,Merrick,/realestateandhomes-detail/44-Central-Blvd_Merrick_NY_11566_M38435-89910,"2,100","5,000", sq ft lot,Single family,3843589910,School District: Merrick,"May 30, 2017","$507,000",NY,1937,11566
24.39%,More expensive than,76,Days on market,2.20%,Sold higher than,1859 Westervelt Ave,1+,3,North Baldwin,/realestateandhomes-detail/1859-Westervelt-Ave_North-Baldwin_NY_11510_M46537-28235,"1,538","4,500", sq ft lot,Single family,4653728235,School District: Baldwin,"May 30, 2017","$510,000",NY,1932,11510
295,Days on market,2.60%,Sold lower than,"$525,000",Neighborhood,3334 Poplar St,3,4,Oceanside,/realestateandhomes-detail/3334-Poplar-St_Oceanside_NY_11572_M49318-52708,"2,574","9,860", sq ft lot,Single family,4931852708,School District: Oceanside,"May 30, 2017","$525,000",NY,1955,11572
18.92%,More expensive than,170,Days on market,6.01%,Sold lower than,67 Biltmore Blvd,2+,3,Massapequa,/realestateandhomes-detail/67-Biltmore-Blvd_Massapequa_NY_11758_M31088-09098,"2,350","7,500", sq ft lot,Single family,3108809098,School District: Massapequa,"May 26, 2017","$704,000",NY,1954,11758
61.81%,More expensive than,134,Days on market,0.30%,Sold higher than,218 N Hickory St,3,5,Massapequa,/realestateandhomes-detail/218-N-Hickory-St_Massapequa_NY_11758_M30612-06672,"3,211","8,000", sq ft lot,Single family,3061206672,School District: Plainedge,"May 26, 2017","$842,536",NY,2017,11758
31.31%,More expensive than,218,Days on market,4.74%,Sold lower than,160 E Beech St,3+,5,Long Beach,/realestateandhomes-detail/160-E-Beech-St_Long-Beach_NY_11561_M39755-55614,"2,760","6,000", sq ft lot,Single family,3975555614,School District: Long Beach,"May 26, 2017","$853,500",NY,1926,11561
25.95%,Less expensive than,219,Days on market,4.63%,Sold lower than,28 Crown St,2+,4,Syosset,/realestateandhomes-detail/28-Crown-St_Syosset_NY_11791_M36090-77963,"2,500","7,670", sq ft lot,Single family,3609077963,School District: Syosset,"May 26, 2017","$886,000",NY,2017,11791
91.71%,More expensive than,133,Days on market,4.54%,Sold lower than,882 N Fletcher Ave,5,6,Valley Stream,/realestateandhomes-detail/882-N-Fletcher-Ave_Valley-Stream_NY_11580_M45229-37372,"4,400",0.29, acres lot,Single family,4522937372,School District: Valley Stream 13,"May 26, 2017","$925,000",NY,2006,11580
40.71%,More expensive than,176,Days on market,2.69%,Sold lower than,6 Beverly Rd,5,6,Port Washington,/realestateandhomes-detail/6-Beverly-Rd_Port-Washington_NY_11050_M35327-41569,"3,956",0.32, acres lot,Single family,3532741569,School District: Port Washington,"May 26, 2017","$1,265,000",NY,1953,11050
100.15%,More expensive than,224,Days on market,6.81%,Sold lower than,3 Jodi Ct,4+,5,Glen Cove,/realestateandhomes-detail/3-Jodi-Ct_Glen-Cove_NY_11542_M45350-27985,"5,000",0.46, acres lot,Single family,4535027985,School District: Glen Cove,"May 26, 2017","$1,300,000",NY,2017,11542
32.94%,Less expensive than,15.39%,Sold lower than,"$429,000",Neighborhood,3203 N Jerusalem Rd,2,5,Levittown,/realestateandhomes-detail/3203-N-Jerusalem-Rd_Levittown_NY_11756_M34524-45355,"1,530","6,000", sq ft lot,Single family,3452445355,School Information Not Available,"May 30, 2017","$287,674",NY,1950,11756
14.92%,Less expensive than,12.31%,Sold higher than,"$429,000",Neighborhood,58 Old Farm Rd,2,3,Levittown,/realestateandhomes-detail/58-Old-Farm-Rd_Levittown_NY_11756_M43527-09697,"1,682","6,708", sq ft lot,Single family,4352709697,School Information Not Available,"May 30, 2017","$365,000",NY,1949,11756
39.34%,More expensive than,-23,Days on market,10.29%,Sold lower than,30 Barstow Rd Apt 3B,2,3,Great Neck,/realestateandhomes-detail/30-Barstow-Rd-Apt-3B_Great-Neck_NY_11021_M31072-15038,,,,Condo,3107215038,School District: Great Neck,"May 30, 2017","$680,000",NY,1966,11021
40.78%,Less expensive than,8.58%,Sold lower than,"$509,450",Neighborhood,7 Fawn Ln,1+,5,Westbury,/realestateandhomes-detail/7-Fawn-Ln_Westbury_NY_11590_M34799-29951,"1,504","6,700", sq ft lot,Single family,3479929951,School Information Not Available,"May 26, 2017","$301,700",NY,1948,11590
49.23%,Less expensive than,1,Days on market,22.68%,Sold higher than,210 E Broadway Apt 3F,1,2,Long Beach,/realestateandhomes-detail/210-E-Broadway-Apt-3F_Long-Beach_NY_11561_M38130-23735,,,,Condo,3813023735,School District: Long Beach,"May 26, 2017","$330,000",NY,1969,11561
17.10%,Less expensive than,-5,Days on market,"$482,500",Neighborhood,63 Wellsboro Rd,2+,4,Valley Stream,/realestateandhomes-detail/63-Wellsboro-Rd_Valley-Stream_NY_11580_M36790-70924,"1,317","6,000", sq ft lot,Single family,3679070924,School District: Valley Stream 13,"May 26, 2017","$400,000",NY,1950,11580
3.97%,Less expensive than,-4,Days on market,"$479,000",Neighborhood,1269 Dale Ct,1+,3,Seaford,/realestateandhomes-detail/1269-Dale-Ct_Seaford_NY_11783_M43224-91389,"1,531","7,936", sq ft lot,Single family,4322491389,School District: Levittown,"May 26, 2017","$460,000",NY,1961,11783
17.41%,Less expensive than,188,Days on market,5.38%,Sold lower than,2 Hawthorne St,1+,4,Farmingdale,/realestateandhomes-detail/2-Hawthorne-St_Farmingdale_NY_11735_M49008-46221,"2,668",0.23, acres lot,Single family,4900846221,School District: Farmingdale,"May 26, 2017","$369,000",NY,1965,11735
32.86%,More expensive than,189,Days on market,25.60%,Sold lower than,149 W Seaman Ave,4+,4,Freeport,/realestateandhomes-detail/149-W-Seaman-Ave_Freeport_NY_11520_M30443-95880,"4,346",0.32, acres lot,Single family,3044395880,School District: Freeport,"May 26, 2017","$465,000",NY,1964,11520
8.15%,More expensive than,274,Days on market,6.50%,Sold lower than,28 Saint Pauls Rd S,2,3,Hempstead,/realestateandhomes-detail/28-Saint-Pauls-Rd-S_Hempstead_NY_11550_M31314-37229,895,"5,000", sq ft lot,Single family,3131437229,School District: Hempstead,"May 26, 2017","$345,000",NY,1924,11550
35.90%,Less expensive than,25,Days on market,"$429,000",Neighborhood,20 Shelter Ln,1,4,Levittown,/realestateandhomes-detail/20-Shelter-Ln_Levittown_NY_11756_M49293-41368,"1,050","6,000", sq ft lot,Single family,4929341368,School District: Levittown,"May 26, 2017","$275,000",NY,1950,11756
29.09%,Less expensive than,3.70%,Sold lower than,"$549,990",Neighborhood,90 Ocean Ave,2,4,Massapequa Park,/realestateandhomes-detail/90-Ocean-Ave_Massapequa-Park_NY_11762_M40406-68662,"1,300","6,011", sq ft lot,Single family,4040668662,School Information Not Available,"May 25, 2017","$390,000",NY,1953,11762
4.76%,More expensive than,1,Days on market,37.84%,Sold higher than,223 Madison Ave,1+,3,Oceanside,/realestateandhomes-detail/223-Madison-Ave_Oceanside_NY_11572_M42793-63321,"1,488","6,000", sq ft lot,Single family,4279363321,School District: Oceanside,"May 25, 2017","$550,000",NY,1928,11572
23.76%,Less expensive than,1,Days on market,17.61%,Sold lower than,14 Hicks Ave,1+,3,Syosset,/realestateandhomes-detail/14-Hicks-Ave_Syosset_NY_11791_M32753-87342,"1,071","7,000", sq ft lot,Single family,3275387342,School District: Syosset,"May 25, 2017","$468,000",NY,1956,11791
38.85%,More expensive than,-1,Days on market,"$794,000",Neighborhood,20 Mohegan Ave,6,5,Port Washington,/realestateandhomes-detail/20-Mohegan-Ave_Port-Washington_NY_11050_M41497-35406,"1,431","4,000", sq ft lot,Multi family,4149735406,School District: Port Washington,"May 25, 2017","$1,106,910",NY,2017,11050
1.82%,Less expensive than,1,Days on market,"$1,375,000",Neighborhood,71 Meadow Woods Rd,3,4,Great Neck,/realestateandhomes-detail/71-Meadow-Woods-Rd_Great-Neck_NY_11020_M40006-08477,"3,245",0.37, acres lot,Single family,4000608477,School District: Great Neck,"May 25, 2017","$1,350,000",NY,1953,11020
20%,Less expensive than,128,Days on market,23.63%,Sold lower than,2856 Clarendon Rd,3,3,Oceanside,/realestateandhomes-detail/2856-Clarendon-Rd_Oceanside_NY_11572_M36896-10888,"1,553","6,180", sq ft lot,Single family,3689610888,School District: Oceanside,"May 25, 2017","$420,000",NY,1966,11572
42.40%,Less expensive than,69,Days on market,5.01%,Sold lower than,56 Santa Barbara Dr,2,2,Plainview,/realestateandhomes-detail/56-Santa-Barbara-Dr_Plainview_NY_11803_M34893-44936,"1,069",,,Condo,3489344936,School District: Plainview-Old Bethpage,"May 25, 2017","$360,000",NY,1974,11803
18.50%,Less expensive than,76,Days on market,3.31%,Sold lower than,3 S Bay Ave,2+,3,Massapequa,/realestateandhomes-detail/3-S-Bay-Ave_Massapequa_NY_11758_M36014-16220,"1,611","6,100", sq ft lot,Single family,3601416220,School District: Massapequa,"May 25, 2017","$482,500",NY,1953,11758
28.57%,Less expensive than,188,Days on market,"$350,000",Neighborhood,675 S Bayview Ave,2,5,Freeport,/realestateandhomes-detail/675-S-Bayview-Ave_Freeport_NY_11520_M47457-54814,"1,642","4,000", sq ft lot,Multi family,4745754814,School District: Freeport,"May 25, 2017","$250,000",NY,1930,11520
16.49%,Less expensive than,111,Days on market,2.44%,Sold lower than,54 Peterson Pl,1,3,Lynbrook,/realestateandhomes-detail/54-Peterson-Pl_Lynbrook_NY_11563_M33560-52883,"1,080","4,800", sq ft lot,Single family,3356052883,School District: Lynbrook,"May 25, 2017","$400,000",NY,1950,11563
73.33%,Less expensive than,114,Days on market,11.11%,Sold lower than,21 July Ave,1,3,Bayville,/realestateandhomes-detail/21-July-Ave_Bayville_NY_11709_M48058-49036,768,"3,040", sq ft lot,Single family,4805849036,School District: Locust Valley,"May 25, 2017","$200,000",NY,1941,11709
45.29%,Less expensive than,213,Days on market,33.55%,Sold lower than,296 Lehrer Ave,2,2,Elmont,/realestateandhomes-detail/296-Lehrer-Ave_Elmont_NY_11003_M30735-56220,840,"6,000", sq ft lot,Single family,3073556220,School District: Elmont,"May 25, 2017","$232,500",NY,1924,11003
40.88%,Less expensive than,75,Days on market,7.65%,Sold lower than,534 Riverside Ave,1,3,Massapequa,/realestateandhomes-detail/534-Riverside-Ave_Massapequa_NY_11758_M35548-50239,960,"6,000", sq ft lot,Single family,3554850239,School District: Massapequa,"May 25, 2017","$350,000",NY,1949,11758
12.90%,More expensive than,48,Days on market,52.96%,Sold higher than,1321 N Pierce Ave,3,4,North Bellmore,/realestateandhomes-detail/1321-N-Pierce-Ave_North-Bellmore_NY_11710_M40494-09711,"1,920","4,600", sq ft lot,Single family,4049409711,School District: North Bellmore,"May 24, 2017","$595,000",NY,1948,11710
26.96%,Less expensive than,88,Days on market,9.45%,Sold lower than,144 Sullivan Ave,2,4,Farmingdale,/realestateandhomes-detail/144-Sullivan-Ave_Farmingdale_NY_11735_M37358-77519,"1,591","7,000", sq ft lot,Single family,3735877519,School District: Farmingdale,"May 24, 2017","$326,339",NY,1956,11735
27.10%,More expensive than,132,Days on market,"$471,999",Neighborhood,118 Union St,3,5,Valley Stream,/realestateandhomes-detail/118-Union-St_Valley-Stream_NY_11580_M46095-64242,"2,327","6,000", sq ft lot,Single family,4609564242,School District: Valley Stream 30,"May 24, 2017","$599,900",NY,1967,11580
9.03%,Less expensive than,70,Days on market,5.87%,Sold lower than,994 Dartmouth Ln,3,6,Woodmere,/realestateandhomes-detail/994-Dartmouth-Ln_Woodmere_NY_11598_M39550-18931,"3,604","7,000", sq ft lot,Single family,3955018931,School District: Hewlett-Woodmere,"May 24, 2017","$705,000",NY,1962,11598
44.03%,Less expensive than,57,Days on market,23.13%,Sold higher than,363 Loring Rd,2,3,Levittown,/realestateandhomes-detail/363-Loring-Rd_Levittown_NY_11756_M46849-99956,"1,900","6,420", sq ft lot,Single family,4684999956,School District: Levittown,"May 24, 2017","$240,100",NY,1948,11756
46.40%,Less expensive than,67,Days on market,0.65%,Sold lower than,30 Dover Pkwy N,3,3,Stewart Manor,/realestateandhomes-detail/30-Dover-Pkwy-N_Stewart-Manor_NY_11530_M32598-29774,"1,333","4,000", sq ft lot,Single family,3259829774,School District: Elmont,"May 24, 2017","$535,500",NY,1959,11530
66.55%,Less expensive than,128,Days on market,14.50%,Sold lower than,106A Udall Dr,,,Great Neck,/realestateandhomes-detail/106A-Udall-Dr_Great-Neck_NY_11020_M46738-96384,,"6,000", sq ft lot,Land,4673896384,School District: Manhasset,"May 24, 2017","$460,000",NY,,11020
32.31%,Less expensive than,85,Days on market,3.93%,Sold lower than,107 Frost Pond Rd,2,3,Glen Cove,/realestateandhomes-detail/107-Frost-Pond-Rd_Glen-Cove_NY_11542_M49091-98867,"1,430","6,800", sq ft lot,Single family,4909198867,School District: North Shore,"May 24, 2017","$440,000",NY,1954,11542
11.32%,Less expensive than,37,Days on market,6.16%,Sold higher than,119 Bay Dr,2+,3,Massapequa,/realestateandhomes-detail/119-Bay-Dr_Massapequa_NY_11758_M32256-37828,"1,645",0.35, acres lot,Single family,3225637828,School District: Massapequa,"May 24, 2017","$525,500",NY,1925,11758
25.85%,Less expensive than,147,Days on market,4.11%,Sold lower than,426 N Corona Ave Apt 7,1+,3,Valley Stream,/realestateandhomes-detail/426-N-Corona-Ave-Apt-7_Valley-Stream_NY_11580_M37844-33116,"1,296",0.53, acres lot,Condo,3784433116,School District: Valley Stream 13,"May 24, 2017","$350,000",NY,1981,11580
40.79%,Less expensive than,54,Days on market,7.37%,Sold lower than,97 Meadow St,2,3,Garden City,/realestateandhomes-detail/97-Meadow-St_Garden-City_NY_11530_M48987-11393,"1,434","5,500", sq ft lot,Single family,4898711393,School District: Garden City,"May 24, 2017","$647,500",NY,1931,11530
57.49%,Less expensive than,77,Days on market,0.01%,Sold higher than,120 Morris Ave Apt C18,2,2,Rockville Centre,/realestateandhomes-detail/120-Morris-Ave-Apt-C18_Rockville-Centre_NY_11570_M41635-51897,,,,Condo,4163551897,School District: Rockville Centre,"May 24, 2017","$329,018",NY,1959,11570
26.69%,Less expensive than,73,Days on market,2.06%,Sold higher than,84 Cambridge St,1,2,Valley Stream,/realestateandhomes-detail/84-Cambridge-St_Valley-Stream_NY_11581_M42086-26968,"1,136","4,000", sq ft lot,Single family,4208626968,School District: Valley Stream 24,"May 24, 2017","$346,000",NY,1923,11581
20%,Less expensive than,141,Days on market,"$525,000",Neighborhood,66 Wexford Ln,2,2,Oceanside,/realestateandhomes-detail/66-Wexford-Ln_Oceanside_NY_11572_M32175-03305,"1,487",,,Condo,3217503305,School District: Oceanside,"May 24, 2017","$420,000",NY,2008,11572
30.36%,Less expensive than,63,Days on market,7.80%,Sold higher than,36 Cumberland St,2,3,Rockville Centre,/realestateandhomes-detail/36-Cumberland-St_Rockville-Centre_NY_11570_M39703-54126,"1,125","5,000", sq ft lot,Single family,3970354126,School District: Oceanside,"May 24, 2017","$539,000",NY,1934,11570
13.21%,Less expensive than,106,Days on market,3.24%,Sold higher than,26 Devonshire Dr,2,3,New Hyde Park,/realestateandhomes-detail/26-Devonshire-Dr_New-Hyde-Park_NY_11040_M31035-15592,"1,221","5,000", sq ft lot,Single family,3103515592,School District: Herricks,"May 24, 2017","$670,000",NY,1947,11040
16.12%,Less expensive than,125,Days on market,2.67%,Sold higher than,28 Park Ln,2,4,Bethpage,/realestateandhomes-detail/28-Park-Ln_Bethpage_NY_11714_M35542-36314,"1,690","5,487", sq ft lot,Single family,3554236314,School District: Plainedge,"May 24, 2017","$385,000",NY,1950,11714
17.71%,Less expensive than,201,Days on market,3.98%,Sold lower than,100 Daly Blvd Apt 104,2+,2,Oceanside,/realestateandhomes-detail/100-Daly-Blvd-Apt-104_Oceanside_NY_11572_M37820-07617,,,,Condo,3782007617,School District: Oceanside,"May 24, 2017","$432,000",NY,1984,11572
8.81%,Less expensive than,85,Days on market,6.38%,Sold lower than,8 Dewitt St,2,3,Valley Stream,/realestateandhomes-detail/8-Dewitt-St_Valley-Stream_NY_11580_M32442-14641,"1,086","4,300", sq ft lot,Single family,3244214641,School District: Elmont,"May 24, 2017","$440,000",NY,1942,11580
7.91%,Less expensive than,105,Days on market,4.31%,Sold lower than,58 E Cedar St,2+,4,Massapequa,/realestateandhomes-detail/58-E-Cedar-St_Massapequa_NY_11758_M35345-93614,"2,100","6,338", sq ft lot,Single family,3534593614,School District: Amityville,"May 24, 2017","$477,500",NY,2015,11758
14.70%,Less expensive than,412,Days on market,11.40%,Sold lower than,226 Biltmore Blvd,2,4,Massapequa,/realestateandhomes-detail/226-Biltmore-Blvd_Massapequa_NY_11758_M30096-21680,"2,204","6,480", sq ft lot,Single family,3009621680,School District: Massapequa,"May 24, 2017","$505,000",NY,1936,11758
4.41%,More expensive than,121,Days on market,9.22%,Sold higher than,2524 5th Ave,3,6,East Meadow,/realestateandhomes-detail/2524-5th-Ave_East-Meadow_NY_11554_M49408-95736,"1,406","6,000", sq ft lot,Single family,4940895736,School District: East Meadow,"May 24, 2017","$545,000",NY,1950,11554
22.92%,Less expensive than,255,Days on market,9.10%,Sold lower than,94 Cove Rd Unit A,3,4,Oyster Bay,/realestateandhomes-detail/94-Cove-Rd-Unit-A_Oyster-Bay_NY_11771_M41201-55694,"4,262",2.03, acres lot,Single family,4120155694,School District: Oyster Bay-East Norwich,"May 24, 2017","$999,000",NY,1950,11771
18.02%,More expensive than,88,Days on market,6.51%,Sold lower than,55 Susquehanna Ave,5,4,Great Neck,/realestateandhomes-detail/55-Susquehanna-Ave_Great-Neck_NY_11021_M30455-76070,"2,326",0.23, acres lot,Single family,3045576070,School District: Great Neck,"May 24, 2017","$1,120,000",NY,1908,11021
22.10%,Less expensive than,229,Days on market,10.89%,Sold lower than,2947 Mills St,2,3,Oceanside,/realestateandhomes-detail/2947-Mills-St_Oceanside_NY_11572_M47257-01366,915,"4,000", sq ft lot,Single family,4725701366,School District: Oceanside,"May 24, 2017","$409,000",NY,1930,11572
18.54%,Less expensive than,106,Days on market,0.95%,Sold lower than,14 Cobalt Ln,2,4,Westbury,/realestateandhomes-detail/14-Cobalt-Ln_Westbury_NY_11590_M38388-21796,"1,114","6,592", sq ft lot,Single family,3838821796,School District: East Meadow,"May 24, 2017","$415,000",NY,1948,11590
10.69%,Less expensive than,140,Days on market,7.14%,Sold lower than,19 Legend Ln,2,5,Westbury,/realestateandhomes-detail/19-Legend-Ln_Westbury_NY_11590_M46209-38578,"1,450","6,000", sq ft lot,Single family,4620938578,School District: East Meadow,"May 24, 2017","$455,000",NY,1948,11590
12.10%,Less expensive than,527,Days on market,6.81%,Sold lower than,297 Emory Rd,1,3,Mineola,/realestateandhomes-detail/297-Emory-Rd_Mineola_NY_11501_M30839-23153,"1,066","4,000", sq ft lot,Single family,3083923153,School District: Mineola,"May 24, 2017","$465,000",NY,1950,11501
14.82%,More expensive than,83,Days on market,0.18%,Sold higher than,2361 Mattituck Ave,3,4,Seaford,/realestateandhomes-detail/2361-Mattituck-Ave_Seaford_NY_11783_M30956-16955,"1,948","6,000", sq ft lot,Single family,3095616955,School District: Seaford,"May 24, 2017","$550,000",NY,1956,11783
7.31%,Less expensive than,219,Days on market,7.24%,Sold lower than,21 Maple Ave,3,4,Glen Cove,/realestateandhomes-detail/21-Maple-Ave_Glen-Cove_NY_11542_M33210-78536,"2,100","8,300", sq ft lot,Single family,3321078536,School District: Glen Cove,"May 24, 2017","$602,000",NY,1920,11542
30.84%,Less expensive than,103,Days on market,4.54%,Sold lower than,236 Hamlet Dr,2+,3,Jericho,/realestateandhomes-detail/236-Hamlet-Dr_Jericho_NY_11753_M31177-87745,"2,169",,,Condo,3117787745,School District: Jericho,"May 24, 2017","$610,000",NY,1982,11753
24.36%,Less expensive than,112,Days on market,0.15%,Sold higher than,9 Flowerhill Pl,2,3,Port Washington,/realestateandhomes-detail/9-Flowerhill-Pl_Port-Washington_NY_11050_M35473-94605,"1,036","4,000", sq ft lot,Single family,3547394605,School District: Port Washington,"May 24, 2017","$680,000",NY,1915,11050
49.93%,Less expensive than,177,Days on market,4.82%,Sold lower than,191 Willow St,2+,4,Roslyn Heights,/realestateandhomes-detail/191-Willow-St_Roslyn-Heights_NY_11577_M34691-52573,"2,078","7,500", sq ft lot,Single family,3469152573,School District: Roslyn,"May 24, 2017","$750,000",NY,1925,11577
24.73%,More expensive than,176,Days on market,7.49%,Sold lower than,80 Loines Ave,3+,4,Merrick,/realestateandhomes-detail/80-Loines-Ave_Merrick_NY_11566_M48676-85829,"2,381",0.46, acres lot,Single family,4867685829,School District: Merrick,"May 24, 2017","$809,500",NY,1916,11566
19.08%,Less expensive than,216,Days on market,6.48%,Sold lower than,26 Clemson Ln,3,4,Woodbury,/realestateandhomes-detail/26-Clemson-Ln_Woodbury_NY_11797_M30622-24224,"2,465",0.31, acres lot,Single family,3062224224,School District: Syosset,"May 24, 2017","$865,000",NY,1966,11797
18.15%,Less expensive than,124,Days on market,0.44%,Sold lower than,72 Lincoln St,2+,3,Garden City,/realestateandhomes-detail/72-Lincoln-St_Garden-City_NY_11530_M48282-60388,"2,000","6,000", sq ft lot,Single family,4828260388,School District: Garden City,"May 24, 2017","$895,000",NY,1960,11530
11.60%,Less expensive than,371,Days on market,21.24%,Sold lower than,10 Dalor Ct,3+,5,Woodbury,/realestateandhomes-detail/10-Dalor-Ct_Woodbury_NY_11797_M36517-08276,"3,691",1.0, acres lot,Single family,3651708276,School District: Syosset,"May 24, 2017","$945,000",NY,1984,11797
11.12%,More expensive than,82,Days on market,"$899,000",Neighborhood,191 Pond View Dr,3,4,Port Washington,/realestateandhomes-detail/191-Pond-View-Dr_Port-Washington_NY_11050_M46428-21695,"2,141",,,Condo,4642821695,School District: Port Washington,"May 24, 2017","$999,000",NY,2004,11050
25.25%,Less expensive than,77,Days on market,0.26%,Sold higher than,279 James St,1,3,Franklin Square,/realestateandhomes-detail/279-James-St_Franklin-Square_NY_11010_M37133-15176,"1,224","4,000", sq ft lot,Single family,3713315176,School District: Franklin Square,"May 25, 2017","$380,500",NY,1940,11010
43.16%,Less expensive than,80,Days on market,5.45%,Sold lower than,154 Duckpond Dr N,2,4,Wantagh,/realestateandhomes-detail/154-Duckpond-Dr-N_Wantagh_NY_11793_M46956-37196,"1,502","6,000", sq ft lot,Single family,4695637196,School District: Levittown,"May 25, 2017","$295,000",NY,1951,11793
8.94%,More expensive than,63,Days on market,1.28%,Sold lower than,2167 Baylis Ave,2,3,Elmont,/realestateandhomes-detail/2167-Baylis-Ave_Elmont_NY_11003_M44687-09128,"1,269","6,000", sq ft lot,Single family,4468709128,School District: Elmont,"May 25, 2017","$463,000",NY,1951,11003
71.03%,Less expensive than,869,Days on market,16.16%,Sold higher than,1 Toms Point Ln # B5/10D,1,1,Port Washington,/realestateandhomes-detail/1-Toms-Point-Ln-B5-10D_Port-Washington_NY_11050_M48303-87143,,,,Condo,4830387143,School District: Port Washington,"May 25, 2017","$230,000",NY,1965,11050
16.86%,Less expensive than,85,Days on market,2.68%,Sold lower than,1027 Jerusalem Ave Unit 137,1+,2,Uniondale,/realestateandhomes-detail/Stratford-Farm-Dr_Uniondale_NY_11553_M30823-03016,"1,227",882, sq ft lot,Condo,3082303016,School District: Uniondale,"May 25, 2017","$291,000",NY,2000,11553
